Word in English;Word in Polish
A DIRECT METHOD OF SLAM BIDDING;METODA BEZPOŚREDNIEJ LICYTACJI SZLEMOWEJ
A PACK OF CARDS;TALIA KART
ABOVE THE LINE;NAD KRESKĄ
ACCOUNT 4-5-6;CZTERY-PIĘĆ-SZEŚĆ
ACE;AS
ACE FROM ACE-KING;ASEM Z ASA-KRÓLA
ACE IDENTIFICATION;IDENTYFIKACYJNY GERBER
ADVANCE CUE-BID;UZGADNIAJĄCY CUE-BID
ADVANCE SAVE;OBRONA PREWENCYJNA
ALTERNATIVE SQUEEZE;ALTERNATYWNY PRZYMUS
ANCHOR SUIT ;WSKAZANY KOLOR
ARRANGEMENT OF TRICKS;UKŁADANIE LEW
ARROW SWITCH;OBRÓT PUDEŁEK
ASK FOR A STOPPER;PROSIĆ O ZATRZYMANIE
ASKING BID;WYWIAD
ASSETS;PUNKTY PRZELICZENIOWE TRUSCOTTA
ATTACKING LEAD;WYJŚCIE ATAKUJĄCE
ATTITUDE SIGNALS;SYGNAŁY JAKOŚCIOWE
BAD CARD;ZŁA KARTA
BAD HAND;ZŁA RĘKA
BAD POINTS;ZŁE PUNKTY
BALANCED DISTRIBUTION;ZRÓWNOWAŻONY UKŁAD
BALANCING;WZNOWIENIE LICYTACJI
BATH COUP;MANEWR Z BATH
BEFORE THE HAND;PRZED RĘKĄ
BELOW THE LINE;POD KRESKĄ
BID;ODZYWKA
BID OUT OF TURN;ODZYWKA POZA KOLEJNOŚCIĄ
BIDDING;LICYTACJA
BLACK SUIT;CZARNY KOLOR
BLOCKING-BIDS PRINCIPLE;ZASADA BLOKOWANIA
BLUE TEAM CLUB;TREFL BLUE TEAMU (MODYFIKACJA NEAPOLITAŃSKIEGO TREFLA)
BLUFF;BLEF
BOARD'S SET;KOMPLET ROZDAŃ
BRIDGE;BRYDŻ
BRIDGE COLUMN;RUBRYKI BRYDŻOWE
BRIDGE TOURNAMENT;TURNIEJ BRYDŻOWY
BUSY CARD;KARTA CZYNNA
CALL;ZAPOWIEDŹ
CALL OUT OF TURN;ZAPOWIEDŹ POZA KOLEJNOŚCIĄ
CASH;ŚCIĄGAĆ
CASH IN;INKASOWAĆ LEWY
CERTAIN ENTRY;PEWNE DOJŚCIE
CHOICE OF SUIT;WYBÓR KOLORU PARTNERA
CLAIM OR CONCESSION;ROSZCZENIE DOTYCZĄCE LEW
CLASH MENACE;GROŹBA ZDERZENIOWA
CLASH SQUEEZE;PRZYMUS ZDERZENIOWY
CLOSED HAND;ZAKRYTA RĘKA
CLOSED ROOM;POKÓJ ZAMKNIĘTY
CLUB;TREFL
COMIC NO TRUMP;KOMICZNE BEZ AKTU
COMPETITIVE BIDDING;LICYTACJA DWUSTRONNA
COMPETITIVE DOUBLE;KONTRA-INWIT
COMPOUND SQUEEZE;PRZYMUS ZŁOŻONY
CONTRACT BRIDGE;BRYDŻ ZAPISEM MIĘDZYNARODOWYM
COUNTING THE HAND;WYLICZENIE CUDZEJ RĘKI
COUP;MANEWR
CUE-BID;CUE-BID
DANGER HAND;NIEBEZPIECZNY PRZECIWNIK
DEAL;ROZDANIE
DEALER;ROZDAJĄCY
DEALING DEVICE ;MASZYNA ROZDAJĄCA
DECEPTIVE PLAY;MASKUJĄCE ZAGRANIE
DECLARER;ROZGRYWAJĄCY
DEEP FINESSE;GŁĘBOKI IMPAS
DEFENCE;OBRONA
﻿DEFENDER;OBROŃCA
DEFENSIVE PLAY;GRA OBRONNA
DEFENSIVE TRICK;DEFENSYWNA LEWA
DELAYED RAISE;PODNIESIENIE ODROCZONE
DEUCE;DWÓJKA
DEVIL'S COUP;MANEWR DIABELSKI
DIAMOND;KARO
DISCARD ;ZRZUTKA
DISTRIBUTION ;UKŁAD
DISTRIBUTION OF HONOURS;ROZMIESZCZENIE HONORÓW
DISTRIBUTIONAL POINTS;PUNKTY ZA UKŁAD
DOUBLE;KONTRA
DOUBLE FINESSE;PODWÓJNY IMPAS
DOUBLETON;DUBLETON
DRAW;LOSOWANIE
DUMMY'S LIMITATIONS;OGRANICZENIA DZIADKA
DUPLICATE BRIDGE ;BRYDŻ PORÓWNAWCZY
DUPLICATION OF VALUES;DUPLIKACJA WARTOŚCI 
EAST;E (POZYCJA)
ELOPEMENT;ZŁODZIEJSKI MANEWR
ENTRY ;DOJŚCIE
ENTRY  SQUEEZE;PRZYMUS KOMUNIKACYJNY
ESTABLISHED CARD;FORTA
ESTABLISHED FINESSE ;PEWNY IMPAS
EXIT CARD;KARTA ODEJŚCIA
EXPOSED HAND;RĘKA WYŁOŻONA
EXTENDED MENACE;GROŹBA DWUKARTOWA ROZSZERZONA 
EXTRA VALUE;NADWYŻKA
FACE OF A CARD ;AWERS KARTY
FACED CARD;KARTA ODSŁONIĘTA
FINAL BID ;KOŃCOWA ODZYWKA
FINESSE;IMPAS
FLAT BOARD;PŁASKIE ROZDANIE
FORCING FOR ONE ROUND;FORSING NA JEDNO OKRĄŻENIE
FORCING OVERCALL;FORSUJĄCE WYJŚCIE
FORCING PASS ;FORSUJĄCY PAS
FORCING PRINCIPLE ;ZASADA FORSOWANIA
FORCING TO GAME;FORSOWANIE DO DOGRANEJ
FOURTH HAND;CZWARTA RĘKA
FREE BID;SWOBODNA ODZYWKA
GAMBLING;HAZARD W BRYDŻU
GAME;PARTIA
GAME BID;DOGRYWAJĄCA ODZYWKA
GAME CONTRACT;KONTRAKT DOGRYWAJĄCY
GAME ZONE;STREFA DOGRANEJ
GOOD CARD;DOBRA KARTA
GOOD HAND;DOBRA RĘKA
GOOD POINTS;DOBRE PUNKTY
GOULASH;GULASZ (ODMIANA BRYDŻA)
GRAND COUP;PARADA ATUTOWA
GRAND SLAM;SZLEM
GRAND SLAM FORCE;ODZYWKI SZLEMOWO-UZUPEŁNIAJĄCE
GUIDE CARD;KARTA PILOTUJĄCA
HEART;KIER
HIDDEN ENTRY;UKRYTE DOJŚCIE
HIGHEST CARD;WYSOKA KARTA
HIGH-LOW SIGNAL;WYSOKA-NISKA
HOLD-UP PLAY;POWSTRZYMANIE
HOME TEAM ;GOSPODARZE
HONOUR;HONOR
HONOUR TRICK;LEWA HONOROWA (LH)
HONOUR-ON-HONOUR;HONOR NA HONOR
IDIOT COUP;IDIOTYCZNE ZAGRANIE
IDLE BID;ODZYWKA NIEKONKRETNA
IMPERFECT SEQUENCE;SEKWENS NIEKOMPLETNY
INCOMPLETE PACK;NIEKOMPLETNA TALIA
INDIRECT FINESSE;POŚREDNI IMPAS
INDIVIDUAL TOURNAMENT;TURNIEJ INDYWIDUALNY
INSUFFICIENT BID;ODZYWKA NIEWYSTARCZAJĄCA
INTERNATIONAL MATCHPOINTS IMP;MIĘDZYNARODOWY PUNKT MECZOWY
INTERVENING BID;INTERWENCYJNA ZAPOWIEDŹ
INVITATIONAL BID;INWIT
ISOLATED MENACE;GROŹBA JEDNOKARTOWA
JACK;WALET
JOURNALIST LEADS;WIST DZIENNIKARSKI
JUMP BID;SKACZĄCA ODZYWKA
JUMP OVERCALL;SKACZĄCE WEJŚCIE
KEEP THE BIDDING OPEN;POZOSTAWIĆ LICYTACJĘ OTWARTĄ
KIBITZER;KIBIC
KING;KRÓL
KING FORM ACE-KING;KRÓLEM Z ASA KRÓLA
LAW OF BALANCED DISTRIBUTION;REGUŁA PODZIAŁU SYMETRYCZNEGO
LAW OF SYMMETRY;PRAWO SYMETRII
LAWS OF CONTRACT BRIDGE;PRZEPISY BRYDŻA ROBROWEGO
LEAD;WIST
LEAD-DIRECTING DOUBLE;KONTRA WSKAZUJĄCA WYJŚCIE
LEFT-HAND OPPONENT (LHO);LEWY PRZECIWNIK
LENGTH PRINCIPLE;ZASADA DŁUGOŚCI
LEVEL;STOPIEŃ
LIMIT RAISE;LIMITOWANE PODNIESIENIE
LOSER;LEWA PRZEGRYWAJĄCA
LOSER ON LOSER;PRZEGRYWAJĄCA NA PRZYGRYWAJĄCĄ
LOWEST CARD;NISKA KARTA
MAJOR SUIT;KOLOR STARSZY (PIKI I KIERY)
MATCH;MECZ
MENACE;GROŹBA
MIDDLE UP DOWN ;Z KOLORU 3-KARTOWEGO WYCHODZI SIĘ ŚRODKOWĄ, POTEM WYŻSZĄ, A NA KOŃCU NAJNIŻSZĄ
MINOR SUIT;KOLOR MŁODSZY (TREFLE I KARA)
MISFIT;MISFIT
MISSING CARD;BRAK KARTY
MISTAKE;BŁĄD
MIXED PAIR;MIKST
MOYSIAN FIT;WŁOSKI KONTRAKT
NEGATIVE DOUBLE;KONTRA NEGATYWNA
NO BID;PAS
NON-PLAYING CAPTAIN (NPC);KAPITAN NIEGRAJĄCY
NON-TOUCHING SUITS;KOLORY PRZEDZIELONE
NORTH;PÓŁNOC
OBLIGATION TO PASS;NAKAZ PASOWANIA
OBLIGATORY FINESSE;IMPAS OBOWIĄZKOWY
ODD-EVEN DISCARDS;WŁOSKIE ZRZUTKI
OPEN ROOM;POKÓJ OTWARTY
OPENER;OTWIERAJĄCY
OPENING BID;OTWARCIE LICYTACJI
OPENING LEAD;PIERWSZE WYJŚCIE
OPPONENT;PRZECIWNIK
OPTIONAL DOUBLE;KONTRA DO WYBORU
OVER;ZA RĘKĄ
OVERBID;PRZELICYTOWAĆ
OVERBIDDER;GRACZ PRZESADNIE OFENSYWNY (LOTNIK)
OVERRUFF;NADBITKA
OVERTAKING SQUEEZE;MANEWR PRZYMUSU ZA POMOCĄ ZABICIA KARTY BLOKUJĄCEJ
OVERTRICK;NADRÓBKA
PACK;TALIA
PAIR;PARA
PAIRS TOURNAMENT;TURNIEJ PAR
PARTIAL ELIMINATION;ELIMINACJA CZĘŚCIOWA
PARTIAL SCORE;ZAPIS CZĘŚCIOWY
PARTNERSHIP UNDERSTANDING;UZGODNIENIE WZAJEMNE
PART-SCORE ZONE;STREFA CZĘŚCIOWEGO ZAPISU
PASSED-HAND BIDDING;ODZYWKA RĘKI PO PASIE
PASSIVE DEFENCE;PASYWNA OBRONA
PASSIVE LEAD;WYCZEKUJĄCE WYJŚCIE
PENALTY;KARA
PENALTY CARD;KARTA PRZYGWOŻDŻONA
PENALTY DOUBLE;KONTRA KARNA
PENALTY PASS;PAS KARNY
PENALTY PLAY;KARNE DOŁOŻENIE
PIN;SINGLETONOWY IMPAS
PLAIN SUIT;KOLOR NIEATUTOWY
PLASTIC VALUATION;OBLICZENIE PLASTYCZNE
PLAY FOR THE DROP;GRAĆ NA SPADNIĘCIE
PLAY THROUGH;PODEGRANIE
PLAYED CARD;KARTA ZAGRANA
PLAYER;GRACZ
PLAYING CAPTAIN;KAPITAN GRAJĄCY
PLAYING TO THE SCORE;GRANIE POD ZAPIS
POSITION;POZYCJA
POSITIONAL SQUEEZE;PRZYMUS POZYCYJNY
POST-MORTEM;DYSKUSJA PO GRZE
PREMATURE LEAD;PRZEDWCZESNE WYJŚCIE
PREMATURE PLAY;PRZEDWCZESNE ZAGRANIE
PRINCIPLE;ZASADA
PRIVATE CONVENTION;NIELEGALNA KONWENCJA
PRIZE;NAGRODA
PROBABILITY;PRAWDOPODOBIEŃSTWO
PROBABLE TRICK;LEWA PRAWDOPODOBNA
PROBLEM;PROBLEM
PROGRESSIVE SQUEEZE;PRZYMUS KASKADOWY
PSEUDO-SQUEEZE PLAY;PSEUDOPRZYMUS
PUSH IN;WEPCHNĄĆ
QUALIFY;KWALIFIKOWAĆ SIĘ
QUALITY;JAKOŚĆ
QUANTITY;ILOŚĆ
QUEEN;DAMA
QUEEN FROM KING-QUEEN;DAMĄ Z MARIASZA
QUITTED TRICK;ZGRANA LEWA
REBID;WTÓRNA ODZYWKA
REBIDDABLE SUIT;POWTARZALNY KOLOR
RECESS MENACE;GROŹBA TRZYKARTOWA
RECORD;ZAPIS O NOTATCE LICZBOWEJ
RECTIFICATION;SPROSTOWANIE
REDOUBLE;REKONTRA
RELAY;FORSUJĄCA NA 1 OKRĄŻENIE, ZWYKLE NAJTAŃSZA ODZYWKA
RE-OPEN;WZNOWIĆ LICYTACJĘ
RESCUE BID;UCIEKAĆ
RESPONDER;ODPOWIADAJĄCY
RESULT;ZAPIS O PRZYZNANYCH PUNKTACH
REVERSE;REWERS
REVOKE;FAŁSZYWY RENONS
REVOLVING DISCARDS;LAVINTHAL OBROTOWY
ROCK-CRUSHER HAND;KRUP
ROTATION;KOLEJNOŚĆ ZEGAROWA
RUBBER;ROBER
RUBBER BRIDGE;BRYDŻ ROBROWY
RUFF;PRZEBIĆ
RUFF AND DISCARD/SLUFF;WYJŚCIE POD PODWÓJNY RENONS
RULE OF ELEVEN;PRAWO JEDENASTU
RULE OF RESTRICTED CHOICE;ZASADA OGRANICZONEGO WYBORU
SAFETY LEVEL;BEZPIECZNA WYSOKOŚĆ
SAFETY PLAY;BEZPIECZNA ROZGRYWKA KOLORU
SAFETY PRINCIPLE;ZASADA BEZPIECZEŃSTWA
SANDWICH;POZYCJA ROZWAGI
SAVE;BRONIĆ
SCISSORS COUP ;MANEWR BEZ NAZWY
SCORE;ZAPIS
SCREEN;ZASŁONA
SECOND DEFENDER ;DRUGI OBROŃCA
SECOND-ROUND CONTROL;ZATRZYMANIE DRUGIEJ KLASY
SEQUENCE ;SEKWENCJA
SESSION;SESJA
SETTING TRICK;LEWA KŁADĄCA
SHORT CLUB;TREFL PRZYGOTOWAWCZY
SHUFFLE;TASOWAĆ
SIGN-OFF;DO PASA
SIMPLE SQUEEZE ;ZWYKŁY PRZYMUS POJEDYNCZY
SINGLETON;SINGEL
SKIP BID;ODZYWKA SKACZĄCA
SKIP MOVEMENT;SKOK W TURNIEJU
SLAM CONVENTION;KONWENCJA SZLEMOWA
SMALL SLAM;SZLEMIK
SOLID SUIT;PEŁNY KOLOR
SPADE;PIK
SQUEEZE;PRZYMUS
SQUEEZED;ZNALEŹĆ SIĘ W PRZYMUSIE
SQUEEZING CARD;KARTA PRZYMUSU
STAKE;STAWKA
STOPPER ;ZATRZYMANIE
STRATEGIC;STRATEGIA
STRIP-PLAY;ELIMINACJA 
STRONG CLUB;MOCNY TREFL
STRONG PASS;SILNY PAS
STRONG SUIT;MOCNY KOLOR
SUFFICIENT BID;ODZYWKA WYSTARCZAJĄCA
SUICIDE SQUEEZE;SAMOBÓJCZY PRZYMUS
SUIT ;KOLOR
SUIT PREFERENCE SIGNAL;LAVINTHAL
SUSPENSION FROM PLAY;ODSUNIĘCIE OD GRY
SWING;OBROTOWA ZAPOWIEDŹ LUB ZAGRANIE
TABLE MANNERS;ZACHOWANIE PRZY STOLE
TABLE PRESENCE;OBECNOŚĆ PRZY STOLE
TACTICS;TAKTYKA
TAKE A TRICK;WZIĄĆ LEWĘ
TAKEOUT;WYWOŁANIE
TAKE-OUT DOUBLE;KONTRA WYWOŁAWCZA
TEAM;DRUŻYNA
TEMPO;PRAWO WYJŚCIA W BIEŻĄCEJ LEWIE
TENACE;WIDŁY
THROW-IN CARD;KARTA WPUSZCZAJĄCA
TIME FACTOR;CZYNNIK CZASU
TIME LIMIT;LIMIT CZASOWY
TO LOSE;PRZEGRAĆ
TOP SCORE;MAKSYMALNY WYNIK
TOP WINNERS;LEWY Z GÓRY
TOUCHING SUITS;KOLORY SĄSIADUJĄCE
TOURNAMENT;TURNIEJ
TRAPPING PASS;PAS WCIĄGAJĄCY
TRICK;LEWA
TRICK POINTS;PUNKTY ZA LEWY
TRUMP;ATUT
TRUMP PROMOTION;PROMOCJA ATU
TRUMP SQUEEZE;PRZYMUS ATUTOWY
TURN TO CALL;KOLEJ LICYTOWANIA
TURN TO PLAY;KOLEJ ZAGRYWANIA
TWINNING;POWIELANIE ROZDAŃ
UNAUTHORISED INFORMATION;INFORMACJA NIEDOZWOLONA
UNBALANCED DISTRIBUTION;NIEZRÓWNOWAŻONY UKŁAD 
UNBEATABLE;NIE DO PRZEGRANIA
UNBID SUIT;KOLOR NIELICYTOWANY
UNDER BID;NIE DOLICYTOWAĆ
UNDER BIDDER;GRACZ DEFENSYWNY
UNLIMITED;NIELIMITOWANY
UNMAKABLE;NIE DO WYGRANIA
UNNECESSARY;NIEKONIECZNY
UPPERCUT;UPPERCUT
UPSIDE-DOWN SIGNALS;ODWROTNE WISTOWANIE
VICTORY POINTS ;PUNKTY ZWYCIĘSKIE
VISITING TEAM;GOŚCIE
VOID;RENONS
VULNERABLE;PO PARTII
WAIVING A PENALTY;DAROWANIE KARY
WEAK RESPONSE;SŁABA ODPOWIEDŹ
WEAK SUIT;SŁABY KOLOR
WEAK TWO-BIDS;SŁABE DWA W KOLOR
WEST;W (POZYCJA)
WINNING TRICK;LEWA WYGRYWAJĄCA 
WRONG BOARD;NIEWŁAŚCIWE ROZDANIE
WRONG HAND;NIEWŁAŚCIWA RĘKA
YARBOROUGH;PUSTA RĘKA (MIZERKA)
ARTIFICIAL BID;SZTUCZNA ZAPOWIEDŹ
ASSUMPTION IN PLAY;ZAŁOŻENIE ROZKŁADU W ROZGRYWCE
AVERAGE SCORE;ŚREDNI ZAPIS
BAD CARD HOLDER;PECHOWIEC
BALANCE OF STRENGTH;BALANS (SIŁY POŁĄCZONYCH RĄK)
BEGIN THE PLAY;ROZPOCZĘCIE ROZGRYWKI
BIDDING ZONE;STREFA LICYTACJI
BOARD;PUDEŁKO ROZDANIOWE
BORDERLINE OPENING BID;GRANICZNE OTWARCIE
BRIDGE WORLD STANDARD;"SYSTEM LICYTACJI AKTUALIZOWANY PRZEZ AMER. CZASOPISMO ""THE BRIDGE WORLD"""
BRIDGE-O-RAMA;BRYDŻORAMA
CHANGE OF CALL;ZMIANA ZAPOWIEDZI
CLAIM;ZGŁOSIĆ ROSZCZENIE
CLARIFICATION CALL;WYJAŚNIAJĄCA ZAPOWIEDŹ
CLOSE THE AUCTION;ZAKOŃCZENIE LICYTACJI
CLOSE THE PLAY;ZAKOŃCZENIE ROZGRYWKI
COMPUTER HANDS;ROZDANIA KOMPUTEROWE
CONSECUTIVE CALL;KOLEJNA ZAPOWIEDŹ
CONTRACT BRIDGE BLUE BOOK;NIEBIESKA KSIĘGA CULBERTSONA
CONVENTION CARD;KARTA KONWENCYJNA
CONVENTIONAL CALL;KONWENCYJNA ZAPOWIEDŹ
COOPERATIVE DOUBLE;KONTRA KOOPERACYJNA
CORRECTION OF A REVOKE;POPRAWIANIE FAŁSZYWEGO RENONSU
COUNTING CARDS;SPRAWDZANIE LICZBY KART
COURT CARD;FIGURA
CUE-BID IN THE OPPONENT'S SUIT;WEJŚCIE KOLOREM PRZECIWNIKA
CURTAILMENT OF THE PLAY;SKRÓCENIE ROZGRYWKI
DECISION;DECYZJA
DEFECTIVE TRICK;WADLIWA LEWA
DISCOURAGING CALL;ZNIECHĘCAJĄCA ZAPOWIEDŹ
DISTRIBUTION;ROZKŁAD
DOUBLE SUPPORT;KONTRA Z FITEM
DRAW TRUMPS;ŚCIĄGAĆ ATUTY
DUCKING;PRZEPUSZCZENIE
DUMMY;DZIADEK
ECONOMY OF HONOURS PRINCIPLE;OSZCZĘDZANIE HONORÓW
ELIMINATION;ELIMINACJA
ENCOURAGING CALL;ZACHĘCAJĄCA ZAPOWIEDŹ
ENDPLAY;ROZGRYWKA KOŃCOWA
ENTRY-KILLING PLAY;ROZCIĘCIE RĄK
EQUALS;RÓWNORZĘDNE KARTY
ERROR IN SCORE;BŁĄD W ZAPISIE
ESTABLISHED ENTRY;WYROBIENIE DOJŚCIA
ESTABLISHED SUIT;WYROBIONY KOLOR
ESTIMATION;SZACOWANIE WYNIKÓW
EXPERT;EKSPERT (ZWŁASZCZA GRAJĄCY NA PIENIĄDZE)
EXPLANATION DOUBLE;OBJAŚNIAJĄCA KONTRA
FLAT HAND;PŁASKA RĘKA
FOLLOWING SUIT;DODANIE DO KOLORU
FORCE;FORSING
FORCING OPENINGS;FORSUJĄCE OTWARCIA
FORFEITURE OF RIGHT TO PENALISE;UTRATA PRAWA DO WYMIERZENIA KARY
FRAGMENT BID;CZWARTY KRÓTKI
FREAK SUIT DISTRIBUTION;DZIKI ROZKŁAD KOLORU
FROM HAND;Z RĘKI
GAME ALL;OBIE PO PARTII
HAND;RĘKA
HAND PATTERN;UKŁAD RĘKI
HONOUR LEAD;WYJŚCIE HONOREM
IDLE CARD;BIERNA KARTA
INTERIOR SEQUENCE;SEKWENS WEWNĘTRZNY
INVERTED MINOR RAISES;ODWRÓCONE PODNIESIENIE
ISOLATING THE MENACE;IZOLOWANIE GROŹBY
JUMP;SKOCZYĆ
KEY CARD;KARTA KLUCZOWA
KEY CARD BLACKWOOD;PIĘCIOASOWY BLACKWOOD
KNOCKOUT SQUEEZE;PRZYMUS NOKAUTUJĄCY
LAY DOWN;WYŁOŻYĆ KARTY
LEAD FROM 3 SMALL CARDS;WYJŚCIE Z TRZECH BLOTEK
LEAD FROM THE WRONG HAND;WYJŚCIE ROZGRYWAJĄCEGO Z NIEWŁAŚCIWEJ RĘKI
LEADER;WYCHODZĄCY
LOSE A TRICK;ODDAĆ LEWĘ
LOSING-TRICK COUNT;LEWA UJEMNA 
LOVE ALL;OBIE STRONY PRZED PARTIĄ
LOW CARD;BLOTKA
LOWER SUIT;NIŻSZY KOLOR
MARRIAGE;MARIASZ
MIDDLE-GAME DEFENCE;ŚRODKOWY WIST
MISSED TRICK;STRACONA LEWA
MOVEMENT;ROTACJA
NATURAL CALL;NATURALNA ZAPOWIEDŹ
NEGATIVE CALL;NEGATYWNA ZAPOWIEDŹ
NEGATIVE INFERENCE;NEGATYWNE WNIOSKOWANIE W BRYDŻU
NEXT SUIT;NASTĘPNY KOLOR
NONJUMP BID;ODZYWKA NIESKACZĄCA
NONVULNERABLE;PRZED PARTIĄ
NOTRUMP;BEZ ATU
NUISANCE CALL;DYWERSYJNA ZAPOWIEDŹ
OVERTAKE;PRZEJĄĆ
PAR CONTRACT;MINIMAKS, OPTYMALNY ZAPIS
PART SCORE;CZĘŚCIOWY ZAPIS
PARTIAL DRAWING OF TRUMPS;CZĘŚCIOWE ATUTOWANIE
PARTIAL STOPPER;CZĘŚCIOWE ZATRZYMANIE
PARTNER;PARTNER
PIANOLA;WYKŁADANA GRA
PLAY;ZAGRANIE
PLUS-VALUE;PLUS
POINT COUNT;PUNKTY ZA HONORY
POSITIVE CALL;POZYTYWNA ZAPOWIEDŹ
PREEMPTIVE;ZAPOROWY
PREEMPTIVE BID;ODZYWKA ZAPOROWA
PRESSED BID;WYMUSZONA ZAPOWIEDŹ
PRINCIPLE OF FAST ARRIVAL;ZASADA SZYBKOŚCI
PRIORITY OF MAJOR SUITS;PREFERENCJA KOLORÓW STARSZYCH
PROFITABLE SAVE;OPŁACALNA OBRONA
PSEUDOELIMINATION;PSEUDOELIMINACJA
PSYCHOLOGICAL BID;ODZYWKA PSYCHOLOGICZNA
PSYCHOLOGICAL CALL;PSYCHOLOGICZNA ZAPOWIEDŹ
PUPPET STAYMAN;PIĘCIOKARTOWY STAYMAN
QUEEN OVER KNAVE;DAMA Z WALETEM
QUICK TRICK;SZYBKA LEWA
RANK OF A CARD;RANGA KARTY
RECTIFYING THE COUNT;REDUKOWANIE LEW
RETAIN THE LEAD;UTRZYMAĆ SIĘ PRZY WIŚCIE
RETRACT TO;COFNĄĆ KARTĘ
RETRACTION OF CARD PLAYED;WYCOFANIE ZAGRANEJ KARTY
SECOND HAND ;DRUGA RĘKA
SECONDARY SQUEEZE;PRZYMUS BEZREDUKCYJNY
SEMI-FORCING BID;PÓŁFORSUJĄCA ODZYWKA
SEMI-PREEMPTIVE;PÓŁZAPOROWA ODZYWKA
SHORT-SUIT GAME TRY;PRÓBA KRÓTKIM KOLOREM
SIDE SUIT;BOCZNY KOLOR
SIGNALING;SYGNALIZACJA
SIGN-OFF (BID);ODZYWKA ZAMYKAJĄCA
SLAM-TRY STAYMAN;SZLEMOWY STAYMAN
SLOW CALL;OPÓŹNIONA ZAPOWIEDŹ
SORTING THE HAND;UKŁADANIE RĘKI
SPECIFIED SUIT;PODYKTOWANY KOLOR
SPLINTER;KRÓTKOŚCIOWY CUE-BID
SPLIT TWO-CARD MENACE;GROŹBA DWUKARTOWA ROZDZIELONA
SUIT SIGNALS;ILOŚCIOWE SYGNAŁY
SURPLUS CARDS;NADMIAR KART
SWING BOARD;OBROTOWE ROZDANIE
TEMPORISING BID;WYCZEKUJĄCA ZAPOWIEDŹ
THROW-IN;WPUSTKA
TO DUCK;PUŚCIĆ 
TO GO DOWN;POŁOŻYĆ SIĘ
TO MAKE A CONTRACT;WYGRAĆ KONTRAKT
TO OVERBOARD;PRZELICYTOWAĆ KARTĘ
TO PICK UP;ZŁAPAĆ
TO SHOW;POKAZAĆ
TOURNAMENT DIRECTOR;SĘDZIA
TRANSFER BID;TRANSFER
TRIAL BID;PRÓBA
TRIPLE FINESSE;POTRÓJNY IMPAS
TRUMP SUIT MANAGEMENT;ATUTOWANIE
TRUMP-REDUCING PLAY;REDUKOWANIE ATUTÓW
UNBLOCKING;ODBLOKOWANIE
UNDERRUFF;PODBICIE
UNPROFITABLE SAVE;NIEOPŁACALNA OBRONA
AGREED SUIT;UZGODNIENIE KOLORU
APPENDIX TABLES;SPRZĘŻONE STOLIKI
ASKING SLAM CONVENTIONS;WYWIADOWCZE KONWENCJE SZLEMOWE
BARE;WYSINGLOWAĆ KARTĘ
BLANK HONOUR;PUSTY HONOR
BLIND LEAD;WIST W CIEMNO
BLOCKED SUIT;KOLOR ZABLOKOWANY
CHANGING PARTNERS;ROTACJA ROBROWA
CONSTRUCTIVE BID;ODZYWKA KONSTRUKTYWNA
DOUBLE MENACE ;PODWÓJNA GROŹBA
ECHO ;MAŁA-DUŻA (USTALENIE WISTOWE)
ESCAPE SUIT;KOLOR RATUNKOWY
ESTABLISHED REVOKE;UPRAWOMOCNIONY FAŁSZYWY RENONS
GATHER TRICKS ;ZBIERAĆ LEWY
IN HAND;W RĘCE
INVERT;ODWRÓCIĆ
JUNIOR;JUNIOR
MOVE;ZMIANA PAR
NO-BID RESPONSE;PAS-ODPOWIEDŹ
NO-NAME SYSTEM;SYSTEM BEZ NAZW
PARTNERSHIP MISUNDERSTANDING;NIEPOROZUMIENIE MIĘDZY PARTNERAMI
PARTY CONTRACT BRIDGE;DUPLIKAT
PROGRESSION OF BOARDS;ZMIANA PUDEŁEK
PUSH;ROZDANIE REMISOWE (W MECZU)
PUT UP;WSKOCZYĆ (FIGURĄ)
RANKING OF PLAYERS;KLASYFIKACJA ZAWODNIKÓW
REMOVE;ZNIEŚĆ NP. KONTRĘ KARNĄ PARTNERA
REQUIRED LEAD;PODYKTOWANE WYJŚCIE
RETURN;WRÓCIĆ
REVALUE;PRZEWARTOŚCIOWAĆ
REVERSE DUMMY;ODWRÓCONA RĘKA
ROUND OF BIDDING;OKRĄŻENIE LICYTACJI
STRENGTH OF COMBINED HANDS;SIŁA POŁĄCZONYCH RĄK
SUPER;NAD-
TRAVELLING SCORE-SLIP;KONTROLKA
TRUMP ECHO;ATUTOWE
A SINGLETON LEAD ;WYJŚCIE Z SINGLA
APPROACH PRINCIPLE;ZASADA WYWIADU
ARRANGEMENT OF TABLES;UKŁAD STOŁÓW
ARTIFICIAL RESPONSE;SZTUCZNA ODPOWIEDŹ
ATTACK VALUE;WARTOŚĆ OFENSYWNA
AVERAGE EXPECTANCY;PRAWDOPODOBNA RĘKA
AVERAGE HAND;PRZECIĘTNA KARTA
BACK SCORE;ZAOKRĄGLONY ZAPIS
BAD DISTRIBUTION;ZŁY ROZKŁAD
BEFORE THE TABLE;PRZED STOŁEM
BET;ZAKŁADAĆ SIĘ
BOOK PLAYER;GRACZ KSIĄŻKOWY
BREAK;ROZKŁAD KOLORU
BRIDGE LANGUAGE;JĘZYK BRYDŻOWY
BYE-BYE-ROUND;WOLNA RUNDA
CADDY;POMOCNIK SĘDZIEGO
CALL AFTER THE BIDDING IS CLOSED;ZAPOWIEDŹ PO ZAKOŃCZENIU LICYTACJI
CARD-READING;DEDUKCJA
CARD-SENSE;WYCZUCIE KARTY
CHOICE OF SEAT;WYBÓR MIEJSCA PRZY STOLE
CLASSIFICATION BID;ODZYWKA WYJAŚNIAJĄCA
COLOUR OF THE SESSION;KOLOR SESJI
COMMUNICATION MENACE;GROŹBA KOMUNIKACYJNA
COMMUNICATION PLAY;ROZGRYWKA KOMUNIKACYJNA
COMPARING SCORES;PORÓWNYWANIE ZAPISÓW
CONTRACT BRIDGE RED BOOK;CZERWONA KSIĘGA CULBERTSONA
CONTRACT DEMAND BID;WYBÓR KONTRAKTU
CONVENTIONAL BID;ODZYWKA KONWENCYJNA
CONVENTIONAL OVERCALL;WEJŚCIE KONWENCYJNE
CREATE A GUESS;STWORZYĆ PALCÓWKĘ
CUT THE PACK;PRZEŁOŻYĆ TALIĘ KART
DECEPTIVE;ZWODNICZY/OSZUKAŃCZY
DEFENSIVE VALUE;WARTOŚĆ DEFENSYWNA 
DEMAND;ŻĄDAĆ
DEMAND-BID;ODZYWKA FORSUJĄCA
DESPERATION LEAD;DESPERACKI WIST
DESPERATION PLAY;DESPERACKIE ZAGRANIE
DISPOSITION ;ROZŁOŻENIE
DOUBLE AFTER INTERFERENCE;KONTRA PO INTERWENCJI
DOUBLE FOR A LEAD;KONTRA NA WIST
DOUBLE TENACE;PODWÓJNE WIDŁY
DUMMY'S RIGHTS;UPRAWNIENIA DZIADKA
ENCRYPTED SIGNALS;SYGNAŁY UKRYTE
ENTRY ON A FINESSE ;WYRABIANIE DOJŚCIA IMPASEM 
ENTRY ON A RUFF;WYRABIANIE DOJŚCIA PRZEBITKĄ
ENTRY ON AN UNBLOCKING;WYRABIANIE DOJŚCIA ODBLOKOWANIEM SIĘ
ESTABLISHED CALL;UPRAWOMOCNIONA ZAPOWIEDŹ
EXCESS POINT;SKRAJNY WYNIK
EXPLANATION OF DEFENCE;WYJAŚNIENIE ZASAD WISTOWANIA
FAILURE;NIEPOWODZENIE
FALSE ECONOMY;ŹLE POJĘTE OSZCZĘDNOŚCI
FALSE SIGNAL;FAŁSZYWA ZRZUTKA
FIGURES INDICATION;OZNACZENIE FIGUR
FINESSE OR PLAY FOR THE DROP;Z GÓRY CZY NA IMPAS
FINESSING PROBABILITIES;MOŻLIWOŚCI IMPASOWE
FORBID THE LEAD;ZAKAZAĆ WYJŚCIA W DANY KOLOR
FORTUNE ;FORTUNA
FREE OVERCALL;SWOBODNE PODNIESIENIE
FREE TAKEOUT;SWOBODNE ZNIESIENIE
FROM THE TABLE;ZE STOŁU
GAME OPENING;KOŃCZĄCE OTWARCIE
GAME RAISE;KOŃCZĄCE PODNIESIENIE
GAME RESPONSE ;KOŃCZĄCA ODPOWIEDŹ
GAME ZONE CONVENTIONS ;KONWENCJE STREFY DOGRANEJ
GESTURES;GESTY PRZY GRZE
GO OUT;WYCHODZIĆ
HELP-SUIT;KOLOR LUKOWY
HESITATE;WAHAĆ SIĘ
HIGHER BID;WYŻSZA ODZYWKA
HONOUR GUARD ;OCHRONA HONORU
ILLEGAL CALL;NIEPRAWIDŁOWA ZAPOWIEDŹ
ILLEGAL PLAY;NIEPRAWIDŁOWE ZAGRANIE
INFORMATIVE CONVENTION;INFORMACYJNA KONWENCJA
INHIBITORY DOUBLE;KONTRA PSYCHOLOGICZNA
INTERMEDIATE TWO BID;POŚREDNIE DWA W KOLOR
INTERMEDIATE ZONE;STREFA ZAPISU CZĘŚCIOWEGO
INTERNAL FINESSE;IMPAS WEWNĘTRZNY
INTERVENE;INTERWENIOWAĆ
INTUITION;INTUICJA
INVITATION;ZAPROSZENIE
IRASCIBLE;DRAŻLIWY
IRONY;IRONIA
JUMP REBID;SKACZĄCY REBID
JUMP TO GAME;SKOK DO KOŃCÓWKI
KEEP ALL CHOICES OPEN;DYREKTYWA ELASTYCZNOŚCI
LEAD AGAINST;WIST PRZECIWKO
LEAGUE;LIGA
LIMITED BID;LIMITOWANA ODZYWKA
LIMITED OPENING;LIMITOWANE OTWARCIE
LIMITED RESPONSE;LIMITOWANA ODPOWIEDŹ
LOCATION;LOKALIZACJA (HONORÓW)
LONG DIAMOND;FORTA KARO
MAJOR;WIĘKSZY, WAŻNIEJSZY
MAJOR TENACE;DUŻE WIDŁY
MAKEABLE CONTRACT;WYGRYWALNY KONTRAKT
MASTER;TYTUŁ KLASYFIKACYJNY
MATHEMATICAL EXPECTATION;NADZIEJA MATEMATYCZNA
MEDIUM CARDS;KARTY ŚRODKOWE
MEMBER;CZŁONEK
MIDDLE CARD;ŚRODKOWA KARTA (NP. Z SEKWENSU)
MINOR TENACE;MAŁE WIDŁY
MISHEAR;PRZESŁYSZEĆ SIĘ
NATURAL BID;NATURALNA ODZYWKA
NEGATIVE PLAY;ROZGRYWKA WYCZEKUJĄCA
NON-FORCING BID;ODZYWKA NIEFORSUJĄCA
OFFENCE;OBRAZA, ATAK
OFFENSIVE;OFENSYWNY
OFFICIAL LANGUAGE;JĘZYK URZĘDOWY
OFFICIAL SCORE;PROTOKÓŁ ZAWODÓW
ONLY NON-FORCE RAISE;ZASADA NIEFORSUJĄCEGO PODNIESIENIA
OPEN HAND;WYŁOŻONA RĘKA
OPEN TOURNAMENT;TURNIEJ OTWARTY
OPTIMUM;NAJKORZYSTNIEJSZY
OPTIMUM CONTRACT;KONTRAKT OPTYMALNY 
OVERCALL PRINCIPLE;ZASADA WEJŚCIA
PAR HAND;RĘKA KONKURSOWA
PARTNERSHIP;PARTNERSTWO
PASSIVE BIDDING;PASYWNA LICYTACJA
PATIENT;CIERPLIWY
PATTERN;WZÓR
PERCENTAGE;PROCENT
PERCENTAGE PLAY;GRA NA NAJWIĘKSZĄ SZANSĘ MATEMATYCZNĄ
PHANTOM;WIDMO
PHANTOM SAVE;PÓJŚCIE W OBRONĘ NIEWYCHODZĄCEJ GRY
PICK-UP GIRL;POMOCNICA SĘDZIEGO
PIONEER;PIONIER
PIP;SYMBOLE OZNACZAJĄCE KOLORY
PLACE THE LEAD;DOPUŚCIĆ DO RĘKI BEZPIECZNEGO PRZECIWNIKA
PLAN OF PLAY;PLAN ROZGRYWKI
PLAY FROM EQUALS;WIST Z SEKWENSU
PLAY FROM THE TOP;GRAĆ Z GÓRY
PLAY OF THE SUIT;ROZGRYWKA KOLORU
PLAY TO DUMMY;ZAGRANIE DO STOŁU
PLAY TO HAND;ZAGRANIE DO RĘKI
PLAYER'S RIGHT;UPRAWNIENIA GRACZA
PLAYS TO CONCEAL THE STRENGTH;ZAGRANIA MAJĄCE NA CELU UKRYCIE SIŁY
PLAYS TO CONCEAL THE WEAKNESS;ZAGRANIA MAJĄCE NA CELU UKRYCIE SŁABOŚCI
PLUS SCORE;ZAPIS NA SWOJĄ STRONĘ
POCKET;PRZEGRÓDKA NA KARTY (W PUDEŁKU BRYDŻOWYM)
PREMATURE;PRZEDWCZESNY
PREMIUM;ZAPIS NAD KRESKĄ
PRESS;NACISK
PREVIOUS;POPRZEDNI
PRIMARY HONOURS;ASY I KRÓLE
PRIORITY;PIERWSZEŃSTWO
PROBABILITY OF A DISTRIBUTION;PRAWDOPODOBIEŃSTWO ROZKŁADU
PROBABILITY OF SUIT ESTABLISHMENT;PRAWDOPODOBIEŃSTWO WYROBIENIA KOLORU
PROFESSIONAL;ZAWODOWY
PROGRESS;POSTĘP
PROGRESSIVE;POSTĘPOWY
PROMOTION;AWANS
PROTECTIVE;OCHRONNY
PROTEST;PROTEST
PSYCHE IN HEARTS;ZABLEFOWAĆ KIERAMI
PULL ;CIĄGNĄĆ
PUZZLE;ZAGADKA/WPRAWIAĆ W KŁOPOT
RANK PRINCIPLE;ZASADA STARSZEŃSTWA
READY;GOTOWY, BĘDĄCY POD RĘKĄ
REFUSE;ODMAWIAĆ
REGIONAL;REGIONALNY
REPEATED BID;POWTÓRNA ODZYWKA
REPEATED CALL;POWTÓRNA ZAPOWIEDŹ
REPETITIVE DOUBLE;POWTÓRNA KONTRA
REQUIRED PLAY;PODYKTOWANE ZAGRANIE
RESERVE PLAYER;GRACZ REZERWOWY
REVALUATION;PONOWNA OCENA KARTY W CZASIE LICYTACJI
REVERSE COUNT SIGNALS;ILOŚCIÓWKI ODWROTNE
REVIEW THE BIDDING;POWTÓRZYĆ LICYTACJĘ
REVOKE CARD;KARTA FAŁSZYWEGO RENONSU
RHYTHM OF BIDDING;RYTM LICYTACJI
RHYTHM OF PLAY;RYTM ROZGRYWKI
RUFF OUT;WYROBIĆ (KOLOR) PRZEBITKĄ
RUN A SUIT;ŚCIĄGNĄĆ LEWY/KOLOR
RUSINOW LEADS;WIST ODWROTNY
SCIENTIFIC  BIDDING;LICYTACJA NAUKOWA
SCRAMBLING ;POSZUKIWANIE NAJLEPSZEGO KONTRAKTU, GDY PRZECIWNICY KONTRUJĄ KARNIE, ZWŁASZCZA W STREFIE CZĘŚCIÓWKI
SELECTION;WYBÓR
SEMI-FINALS;PÓŁFINAŁY
SEMI-SOLID SUIT ;KOLOR Z JEDNĄ PRZEGRYWAJĄCĄ
SERIES;SERIA
SERPENT COUP ;MANEWR WĘŻA
SHADE ;ODZYWKA Z MNIEJSZĄ SIŁĄ LUB SKŁADEM NIŻ WYMAGANA 
SHOOT ;POLOWAĆ NA MAKSA
SHORTEN;SKRACAĆ W ATU
SHOW OUT ;NIE DODAĆ DO KOLORU
SINGLE RAISE ;POJEDYNCZE PODNIESIENIE
SIT OUT A DOUBLE;"UKARNIĆ (,,WYTRZYMAĆ"") KONTRĘ"
SMALL CARD CLASSIC LEAD;KLASYCZNE WYJŚCIE Z BLOTEK
SPLIT THE HONOURS;PODŁOŻYĆ FIGURĘ
STAND FOR;UKARNIĆ KONTRĘ
STRONG BID;SILNA ODZYWKA
STRONG OPENING;SILNE OTWARCIE
SUIT COMBINATIONS;ROZKŁADY KOLORÓW
SUMMARY SHEET;PROTOKÓŁ ZBIORCZY
SUSPENSION;ZAWIESZENIE DYSCYPLINY
SWINDLE;OSZUKAĆ, OKPIĆ
SWITCH;ZMIENIAĆ
SYMMETRIC;SYMETRYCZNY
TEAMMATES;PARTNERZY Z DRUŻYNY
TEMPORISE;GRAĆ NA ZWŁOKĘ
THE ECONOMY OF BIDS PRINCIPLE;ZASADA EKONOMII ODZYWEK
THROW;RZUCAĆ
THROW-IN PLAY;KOŃCÓWKA WPUSTKA
TIE;WYNIK REMISOWY
TIMING;WŁAŚCIWA KOLEJNOŚĆ ZAGRAŃ
TOP FROM NOTHING;Z BLOTEK NAJWYŻSZĄ
TRANSFER OPENING BID;OTWARCIE (TRANSFEREM)
TRAP;PUŁAPKA
USEFUL SPACE PRINCIPLE;ZASADA UŻYTECZNEJ PRZESTRZENI
VALUE;WARTOŚĆ
VERIFY;SPRAWDZIĆ
VIOLATE;NARUSZAĆ
VIOLATION OF ETHICAL CONDUCT;NARUSZENIE ZASAD ETYKI
VIOLATION OF THE BIDDING SYSTEM;NARUSZENIE ZASAD SYSTEMU
WINNING LINE OF PLAY;WYGRYWAJĄCA ROZGRYWKA
WINNING PLAY;WYGRYWAJĄCE ZAGRANIE
WORKING CARDS;DOBRE/GRAJĄCE FIGURY