accurate;dokładny, precyzyjny, trafny
allocate resources;alokować zasoby;to allocate resources
apply;odnosić się, dotyczyć, mieć zastosowanie;to apply
assets;aktywa
at once;od razu, natychmiast;instantly
beneficial;korzystny, dobroczynny
boost effectiveness;zwiększać efektywność;to boost effectiveness
brand;marka
business goal;cel biznesowy
business management software;oprogramowanie wspomagające zarządzanie przedsiębiorstwem
capture;przechwytywać, zdobywać;to capture
challenge;wyzwanie
competitive advantage;przewaga konkurencyjna
completion;ukończenie, zakończenie
comprehensive real-time view;pełny wgląd w czasie rzeczywistym
conduct of business;prowadzenie biznesu
continuously evolve;ciągle rozwijać się, ewoluować;to continuously evolve
cost-benefit analysis;analiza kosztów i korzyści
critical success factor;kluczowy czynnik sukcesu
crucial;istotny;significant;major;relevant
currently;obecnie
customize;dostosowywać do potrzeb;to customize
day-to-day operations;codzienne działania, funkcjonowanie
decision support system;system wspomagania decyzji
decision-making process;proces podejmowania decyzji
defensive approach;podejście defensywne
Delphi method;metoda delficka
device;urządzenie
exempli gratia;na przykład;for example;for instance;e.g.
effective;efektywny, skuteczny
effective management;efektywne, skuteczne zarządzanie
efficient;wydajny, sprawny, efektywny
enable;umożliwiać;to enable
enhancement;poprawa, zwiększenie
enterprise resource planning;planowanie zasobów przedsiębiorstwa
evaluate;szacować;to evaluate
evolve;rozwijać się, ewoluować;to evolve
exchange;wymieniać;to exchange
executive information system;system informowania kierownictwa
fundamental objective;podstawowy cel
future gain;przyszły zysk
goal;cel
goodwill;wartość firmy
hardware;sprzęt
highly competitive market;bardzo konkurencyjny rynek
high-risk investment;inwestycja wysokiego ryzyka
inter alia;między innymi;i.a.
impact;wpływ
to impact sth;mieć wpływ (na coś);to impact
in alignment with;w zgodzie z
in light of;w świetle
in other words;innymi słowy
in the market;na rynku
increase in revenue;wzrost przychodu
information recipient;odbiorca informacji
information system;system informacyjny
information technology;technologia informacyjna
intangible;niematerialny
intangible assets;aktywa niematerialne, wartości niematerialne i prawne
intangible benefit;niewymierna korzyść
inventory management;zarządzanie zapasami
investment evaluation technique;technika oceny inwestycji
IT infrastructure;infrastruktura informatyczna
key business driver;kluczowy czynnik biznesowy
key to success;klucz do sukcesu
make investment;zainwestować;to make investment
management information system;system informacji zarządczej
McFarlan’s strategic grid;strategiczna macierz McFarlana
meaningful;znaczący, mający znaczenie
meaningless;nic nie znaczący
meet the need;zaspokoić potrzebę;to meet the need
multi objective-multi criteria method;metoda wielu celów i wielu kryteriów
multinational corporation;korporacja ponadnarodowa
network;sieć
offensive approach;podejście ofensywne
on time;na czas
optimize;optymalizować;to optimize;optimise;to optimise
periodic report;raport okresowy
plant and equipment;maszyny i urządzenia
portfolio analysis;analiza portfelowa
prioritize;nadawać priorytet;to prioritize;to prioritise;prioritise
process;przetwarzać;to process
production planning;planowanie produkcji
productive;produktywny, wydajny
profitability;zyskowność
provide information;dostarczać informacji;to provide information
put emphasis;kłaść nacisk;to put emphasis
research and development;badania i rozwój
raw data;surowe dane
redundant business task;zbędne zadanie biznesowe
render long-term benefits;zapewniać długoterminowe korzyści;to render long-term benefits
return on investment;zwrot z inwestycji
senior executive;przedstawiciel wyższej kadry zarządzającej, członek kadry zarządzającej wyższego szczebla
small and medium-sized enterprises;małe i średnie przedsiębiorstwa
smoothly;gładko, płynnie, bezproblemowo
software;oprogramowanie
store;przechowywać, składować;to store
strategic resource;zasób strategiczny
suitable;odpowiedni
suite;pakiet
take advantage;wykorzystać;to take advantage
tangible assets;aktywa rzeczowe
tangible benefit;wymierna korzyść
trademark;znak handlowy
transmit information;przesyłać informacje;to transmit information
umbrella term;szerokie pojęcie, pojęcie zbiorcze
valuable;cenny
value analysis;analiza wartości
various;różny, rozmaity
vital and integral part of business plan;istotna i integralna część biznesplanu
well-being;dobrostan, dobrobyt, pomyślność
2. Databases
access control mechanism;mechanizm kontroli dostępu
access level;poziom dostępu
accessible;dostępny
accessible remotely;dostępny zdalnie
accuracy;dokładność, precyzyjność, trafność
administer database;administrować bazą danych;to administer database
alteration;zmiana
arrange;organizować, porządkować;to arrange
associative entity;encja asocjacyjna
assumption;założenie
attribute;atrybut
authentication;uwierzytelnienie, poświadczenie
authorization;upoważnienie, uprawnienie, autoryzacja
backup;kopia zapasowa
by and large;ogólnie rzecz biorąc
central processing unit;jednostka centralna/procesor
cloud computing platform;platforma oparta na chmurze obliczeniowej
cloud-based DBMS;system zarządzania bazą danych w chmurze
collection of requirements;zbiór wymagań
column;kolumna
conceptual database model;konceptualny model bazy danych
concurrent access;równoczesny dostęp
consistency;spójność
consistent;spójny
constraint;ograniczenie
constraints;więzy
convert;przekształcać;to convert
crow’s foot;kurza stopka
data administrator;administrator danych
data availability;dostępność danych
data integrity;integralność danych
data loading;ładowanie danych
data loss;utrata danych
data management;zarządzanie danymi
data manipulation;operowanie, manipulowanie danymi
data migration;migracja danych
data model;model danych
data need;zapotrzebowanie na dane
data recovery;odzyskiwanie danych
data retrieval;wyszukiwanie danych
data security;bezpieczeństwo danych
data standards;standardy związane z bazami danych
data storage;przechowywanie danych
data type;typ danych
database administrator;administrator baz danych
database as a service;baza danych jako usługa
database design;projekt bazy danych
database designer;projektant bazy danych
database engine;silnik bazy danych
database management system;system zarządzania bazą danych
database object;obiekt bazodanowy
database query language;język zapytań do bazy danych
deadlock;zakleszczenie/blokada wzajemna
decipher;rozszyfrować, odcyfrować;to decipher
disk space;przestrzeń dyskowa
distributed DBMS;system zarządzania rozproszoną bazą danych
domain integrity constraint;więzy integralności domeny
driver;sterownik
embedded DBMS;system zarządzania wbudowaną bazą danych
encryption;szyfrowanie
end-user;użytkownik końcowy
ensure;zapewniać;to ensure
entity integrity constraints;więzy integralności encji
entity relationship diagram;diagram związków encji
entity;encja
ETL;proces ETL, proces ekstrakcji, transformacji i ładowania
evaluation;ocena
execution time;czas wykonania
exploitable;nadający się do wykorzystania
field;pole
flat file;plik płaski
foreign key;klucz obcy
graphical user interface;graficzny interfejs użytkownika
inconsistency;niespójność
information need;potrzeba informacyjna
inherent;nieodłączny
in-memory DBMS;system zarządzania bazą danych in-memory
integrity;integralność
integrity constraints;więzy integralności
interface;interfejs
interrelated;wzajemnie powiązany
intra-query parallelism;wykonanie pojedynczego zapytania przy równoległym użyciu kilku procesorów
involve;dotyczyć, obejmować;to involve
key uniqueness;unikalność na poziomie kluczy
lease;wydzierżawić;to lease
legal value;dozwolona wartość
logical database model;logiczny model bazy danych
maintain;utrzymywać;to maintain
maintenance;utrzymanie
make an attempt;podjąć próbę;to make an attempt
many-core central processing unit;procesor wielordzeniowy
many-to-many relationship;relacja wiele do wielu
master server;serwer główny
multimedia format;format multimedialny
multiple concurrent users;wielu równoczesnych użytkowników
normalized;znormalizowany;normalised
notation;notacja
object-oriented database management system;obiektowy system zarządzania bazą danych
object-oriented programming language;obiektowy język programowania
object-relational database management system;obiektowo-relacyjny system zarządzania bazą danych
one-to-many relationship;relacja jeden do wielu
one-to-one relationship;relacja jeden do jednego
operate;obsługiwać;to operate
performance tuning;dostrajanie wydajności
performance;wydajność
physical database model;fizyczny model bazy danych
prevent;powstrzymywać;to prevent
primary key;klucz główny
principle;zasada
programming language;język programowania
provide;dostarczać, zapewniać;to provide
purchase;nabyć, zakupić;to purchase
query;zapytanie
query database;odpytywać bazę danych;to query database
query language;język zapytań
random access memory;pamięć o dostępie bezpośrednim, pamięć RAM
record;rekord, zapis
redundancy;nadmiarowość, redundancja
referential integrity constraints;więzy integralności referencyjnej
referential integrity;integralność referencyjna
relational database management system;system zarządzania relacyjną bazą danych
relational model;model relacyjny
relationship;relacja, związek
release to production environment;uruchomienie w środowisku produkcyjnym
replicate;powielać, replikować;to replicate
repository;repozytorium
requirements analysis;analiza wymagań
resolve;rozkładać;to resolve
retrieval of information;wyszukiwanie informacji
row;wiersz
security constraints;ograniczenia ze względów bezpieczeństwa
service provider;dostawca usługi
slave server;serwer zapasowy
set standards;wyznaczać standardy;to set standards
structured query language;strukturalny język zapytań
solid state drive;napęd SSD;SSD
stored data;przechowywane, składowane dane
tablespace;obszar tabeli
third party application;aplikacja producenta zewnętrznego, zewnętrznego dostawcy
tuple;krotka
Unified Modelling Language;zunifikowany język modelowania
unauthorized user;nieautoryzowany, nieuprawniony użytkownik;unathrorised user
unique identifier;unikalny identyfikator
upgrade;aktualizacja
vendor;dostawca
web interface;interfejs www
whereas;podczas gdy
with respect to;odnośnie do
3. How well do you know your computer?
accelerated graphics port;przyspieszony port graficzny
accidental power outage;nagła przerwa w dostawie prądu
actuator arm;ramię głowicy
actuator axis;oś pozycjonera dysku
actuator;serwomechanizm
advanced technology attachment;interfejs systemowy przeznaczony do komunikacji z dyskami twardymi
AGP slot;gniazdo AGP
alphanumeric key;klawisz alfanumeryczny
arithmetic logic unit;jednostka arytmetyczno-logiczna
backup battery ;bateria podtrzymująca
CD/DVD/Blu-ray drive;napęd CD/DVD/Blu-ray
chip ;chip/kość
chipset ;chipset
circuit ;obwód
command key;klawisz polecenia
computer case;obudowa komputera
computer hardware;sprzęt komputerowy
computer software;oprogramowanie komputerowe
connector ;złącze
control unit;jednostka sterująca
copper ;miedź
CPU socket;gniazdo procesora
data storage device;urządzenie do przechowywania danych
datapath ;ścieżka danych
drive bay;kieszeń napędu
duo-core CPU;dwurdzeniowy procesor
to be equipped;być wyposażonym
execution ;wykonanie
external hard disk ;twardy dysk zewnętrzny
fan ;wentylator
fetch ;pobierać;to fetch
flash memory card reader;czytnik kart pamięci typu flash
flash memory;pamięć typu flash
floppy disc drive;napęd dyskietek
front-side bus;magistrala FSB
function key;klawisz funkcyjny
graphics card;karta graficzna
hard disk drive;napęd twardego dysku
hard disk;twardy dysk
hard drive slot;gniazdo do podłączenia twardego dysku
head crash;uszkodzenie głowicy
in current use;obecnie używany
input and output function;funkcja wejścia/wyjścia
input device;urządzenie wejścia
input peripheral;wejściowe urządzenie peryferyjne
input ;wejście
interchangeable ;wymienny/zamienny
internal hard disk ;twardy dysk wewnętrzny
jumper ;zworka
keyboard;klawiatura
magnetic particle;cząstka magnetyczna
make up;tworzyć (coś);to make up sth;to make up
memory card;karta pamięci
motherboard;płyta główna;main board;logic board;mobo
mouse cursor;kursor myszy
navigation key;klawisz nawigacyjny
network card;karta sieciowa
non-volatile memory;pamięć nieulotna
northbridge with heat sink;mostek północny z radiatorem
northbridge;mostek północny
obtain;uzyskać, otrzymać;to obtain
operating system;system operacyjny;OS
output peripheral;wyjściowe urządzenie peryferyjne
output;wyjście
PCI slot;gniazdo PCI
perform task;wykonywać zadanie;to perform task
peripheral component interconnect;magistrala PCI;PCI
peripheral;urządzenie peryferyjne
pie-shaped section;sekcja w kształcie wycinka koła
platter;talerz
portable;przenośny
positioning;pozycjonowanie
power connector;złącze zasilania
power cord;kabel zasilający
power source;źródło energii
power supply unit;zasilacz;power pack;PSU
primary storage unit;podstawowa jednostka pamięci
printed circuit board;płytka drukowana;PCB
quad-core CPU;czterordzeniowy procesor
RAM slot;gniazdo RAM
read/write head;głowica zapisu i odczytu
read-only memory;pamięć tylko do odczytu, pamięć stała, pamięć ROM;ROM
register;rejestr
ROM chip;kość pamięci ROM
rewrite;ponownie zapisać;to rewrite
SATA connector;złącze SATA
serial ATA;interfejs szeregowy umożliwiający podłączanie pamięci masowych/szeregowa magistrala komputerowa służąca do komunikacji między adapterami magistrali hosta a urządzeniami pamięci masowej;SATA
single core CPU;jednordzeniowy procesor
slot;gniazdo;socket
small computer system interface;interfejs małych systemów komputerowych;SCSI
sound card;karta dźwiękowa
southbridge;mostek południowy
spin;obracać;to spin
spindle;wrzeciono
spreadsheet;arkusz kalkulacyjny
storage capacity;pojemność pamięci
storage medium;nośnik danych
storage unit;jednostka pamięci
system memory;pamięć systemowa
system unit;jednostka systemowa
trace;ścieżka;track
USB flash drive;pamięć USB
video card;karta wideo
volatile memory;pamięć ulotna
4. Computer networks
wire;przewód
American National Standards Institute;Amerykański Narodowy Instytut Normalizacyjny;ANSI
assign;przypisać, przydzielić;to assign;assign
baseband system;system transmisji w paśmie podstawowym
bear in mind;pamiętać/mieć coś na uwadze;to bear in mind
boot;rozruch
broadband system;system szerokopasmowy
bus network;sieć o topologii magistrali
bus;magistrala;trunk;backbone
cabling;okablowanie
campus area network;sieć uczelniana;CAN
centralized communications point;scentralizowany punkt komunikacyjny;centralised communications point
circular communication path;ścieżka komunikacyjna w kształcie okręgu
client;klient
client/server network;sieć typu klient-serwer
closed loop;zamknięta pętla
coaxial cable;kabel koncentryczny
common user network;sieć ogólnie dostępna
communication link;łącze komunikacyjne
communication path;ścieżka komunikacyjna
communication protocol;protokół komunikacyjny
computer network topology;topologia sieci komputerowej
computer network;sieć komputerowa
copper wire;miedziany przewód
coupler;łącznik
decrypt;deszyfrować;to decrypt
disparate company sites;siedziby firmy w różnych lokalizacjach
disruption;zakłócenie
dynamic host configuration protocol;protokół DHCP/protokół dynamicznego;DHCP
encrypt;zaszyfrować;to encrypt
enterprise private network;prywatna sieć przedsiębiorstwa;EPN
Ethernet standard;standard Ethernet
expansion card;karta rozszerzenia
expansion slot;gniazdo rozszerzające
fibre-optic cable;kabel światłowodowy
file transfer protocol;protokół FTP/ protokół przesyłania plików;FTP
fully connected network;sieć w pełni połączona
guideline;wytyczna
high-frequency RF signal;sygnał radiowy wysokiej częstotliwości
high-performance network;sieć o wysokiej wydajności
high-speed network;sieć o dużej szybkości transmisji danych
home area network;sieć domowa;HAN
host bus adapter;adapter magistrali hosta;HBA
host computer;komputer główny/komputer macierzysty
hub;koncentrator
in short;pokrótce
inexpensive;niedrogi
inoperable;nienadający się do użytku
Institute of Electrical and Electronics Engineers;Instytut Inżynierów Elektryków i Elektroników;IEEE
internet protocol;protokół internetowy;IP
IP address;adres IP
IrDA;standard umożliwiający transmisję danych w podczerwieni/IrDA
layer two tunnelling protocol;protokół L2TP;L2TP
local area network;lokalna sieć komputerowa;LAN
to be made up of sth;składać się z czegoś;made up
mesh network;sieć kratowa
metropolitan area network;miejska sieć komputerowa;MAN
move about;poruszać się;to move about
network adapter;adapter sieciowy
network architecture;architektura sieci
network operating system;sieciowy system operacyjny;NOS
network resources;zasoby sieciowe
network standard;standard sieciowy
nickname;pseudonim
node;węzeł
obstacle;przeszkoda
partial mesh network;częściowa sieć kratowa
peer-to-peer network;sieć równorzędna/sieć typu każdy z każdym;P2P
personal area network;sieć prywatna;PAN
point-to-point tunnelling protocol;protokół PPTP;PPTP
protocol;protokół
radio-frequency identification;system identyfikacji radiowej;RFID
receiving device;urządzenie odbiorcze
remote connection;połączenie zdalne
remote station;stacja zdalna
request;żądanie
response;odpowiedź
ring network;sieć o topologii pierścienia
route;kierować;to route
router;ruter
scope;zasięg (sieci);scofe of network
secure socket layer;protokół SSL;SSL
sending device;urządzenie nadawcze
server;serwer
shared key;klucz współdzielony
shared storage;współdzielona pamięć
shielded twisted pair cable;skrętka ekranowana
single site;jedno miejsce
storage area network;sieć pamięci masowych;SAN
storage area;obszar składowania
storage resources;zasoby pamięci
subset;podzbiór
switch;przełącznik
T-connector;trójnik
sum up;reasumując;to sum up
token ring;topologia token ring
transmission control protocol/internet protocol;protokół sterowania transmisją w sieci/protokół TCP/IP;TCP/IP
transport layer security protocol;protokół TLS;TLS protocol
transport layer security;zabezpieczenia warstwy transportowej;TLS
ultra wideband;technologia UWB;UWB
unshielded twisted pair cable;skrętka nieekranowana
virtual private network;wirtualna sieć prywatna;VPN
wide area network;rozległa sieć komputerowa;WAN
Wi-Fi base station;stacja bazowa wi-fi
wired connection;połączenie przewodowe
wireless application protocol;protokół aplikacji bezprzewodowych;WAP
wireless client;klient sieci bezprzewodowej
wireless connection;połączenie bezprzewodowe
wireless network;sieć bezprzewodowa
wireless networking equipment;bezprzewodowy sprzęt sieciowy
5. What's so big about big data?
worldwide interoperability for microwave access;technologia WiMAX;WiMAX
analytical algorithm;algorytm analityczny
archival data;dane archiwalne
archived data;dane zarchiwizowane
batch processing;przetwarzanie wsadowe
capability;możliwość/zdolność
click-through;klikalność
cloud infrastructure;infrastruktura chmury
cluster resource management;zarządzanie zasobami klastra
cluster;klaster
come in handy;przydać się;to come in handy
complementary data collection;uzupełniający zbiór danych
complex;złożony
confidentiality;poufność
content;zawartość
core module;podstawowy moduł
data analysis;analiza danych
data analytics;analityka danych
data as a service;dane jako usługa;DaaS
data cleansing;oczyszczanie danych
data processing;przetwarzanie danych
data recipient;odbiorca danych
data science;badanie danych
data volume;wolumen danych
dataset;zbiór danych
debatable issue;kwestia sporna
directed acyclic graph;skierowany graf acykliczny;DAG
disparate data;zróżnicowane dane
distributed file system;rozproszony system plików
distributed processing;przetwarzanie rozproszone
execute;uruchamiać, wykonywać;to execute
face a challenge;stawiać czoła wyzwaniu;to face a challenge
fault-tolerant;odporny na błędy
fit for analysis;nadający się do analizy
framework;framework, struktura, szkielet
fraud;oszustwo
go beyond something;wykraczać (poza coś);to go beyond something
heterogeneity;niejednorodność
hierarchical data;dane hierarchiczne
high-throughput access;dostęp o dużej przepustowości
input file;plik wejściowy
intervene;ingerować;to intervene
inventive;pomysłowy
inventory data;dane inwentaryzacyjne
it should be underlined;należy podkreślić
job scheduling;harmonogramowanie zadań
key - value pair;para klucz – wartość
last but not least;ostatni, ale nie mniej ważny
latency;zwłoka, opóźnienie
lightweight;lekki
machine learning;uczenie maszynowe
meet the expectations;sprostać oczekiwaniom;to meet the expectations
necessity is the mother of invention;potrzeba jest matką wynalazków
next-generation framework;struktura, framework nowej generacji
open-source platform;platforma open source
output file;plik wyjściowy
overcome an issue;rozwiązać problem;to overcome an issue
parallel batch processing;równoległe przetwarzanie wsadowe
pattern;wzorzec
predictive analytics;analityka predykcyjna
processing;przetwarzanie
read in;zaczytać (coś do czegoś);to read in;to read in sth to sth
real-time streaming;dostarczanie danych czasu rzeczywistego
relatively low cost;stosunkowo niski koszt
reveal;wyjawiać, ujawniać, odsłaniać;to reveal
run in parallel;uruchamiać równolegle;to run in parallel
scalable;skalowalny
search result;wynik wyszukiwania
semi-structured data;dane częściowo ustrukturyzowane
single file system;pojedynczy system plików
slew of data;masa danych/ogromne ilości danych
social media;media społecznościowe
software tool;narzędzie programowe
spot;zauważać, dostrzegać;to spot
stream data;strumieniować dane;to stream data
structured data set;ustrukturyzowany zestaw danych
structured data;dane ustrukturyzowane
tabular database;tabelaryczna baza danych
tackle challenge;podjąć wyzwanie;to tackle challenge
third party;osoba trzecia
tool;narzędzie;utility
trustworthiness;wiarygodność;veracity
unstructured data;dane nieustrukturyzowane
unstructured data set;nieustrukturyzowany zestaw danych
utility program;program narzędziowy
variety;różnorodność
velocity;prędkość
volume;wolumen
6. Business intelligence
accelerate;przyspieszać;to accelerate
ad-hoc query;zapytanie ad hoc
aggregated data;dane zagregowane
analysis and presentation layer;warstwa analizy i prezentacji
analytical cube;kostka analityczna
boost business performance;pobudzać wzrost wyników działalności gospodarczej;to boost
challenger;pretendent
cleansing process;proces oczyszczania
collect data;gromadzić dane;to collect data
computation;obliczenia
conduct analysis;przeprowadzić analizę;to conduct analysis
shared dimension table;współdzielona tabela wymiarów
cross-selling;sprzedaż krzyżowa
dashboard;kokpit menadżerski
data analysis expressions;wyrażenia analizy danych;DAX
data capture;zbieranie danych
data format;format danych
data integration layer;warstwa integracji danych
data mart;składnica danych/tematyczna hurtownia danych
data mining;eksploracja danych
data profiling;profilowanie danych
data scrubbing;oczysczanie danych
data sources layer;warstwa źródeł danych
data storage layer;warstwa przechowywania danych
data storage system;system przechowywania danych
data store;magazyn danych
data transformation;przekształcanie danych/transformacja danych
data validation;sprawdzanie poprawności danych
data visualization tool;narzędzie do wizualizacji danych
data visualization;wizualizacja danych
data warehouse;hurtownia danych
database schema;schemat bazy danych
denormalize;dokonywać denormalizacji;to denormalize;denormalise;to denormalise
detect;wykrywać;to detect
dimension table;tabela wymiarów
drill-across;drążenie w poprzek
drill-down;drążenie w głąb/dążenie w dół
duplicate value;duplikat wartości
encompass;obejmować;to encompass
enterprise data warehouse;korporacyjna hurtownia danych
ETL process;proces ETL
executive reporting tool;narzędzie do raportowania dla kadry zarządza
executive;członek zarządu
expected value;wartość oczekiwania
eye-catching;przykuwający wzrok
fact table;tabela faktów
foreign key reference;odwołanie do klucza obcego
fragmented;rozdrobniony/podzielony na części
guesstimate;"szacować ""na oko""";to guesstimate
inconsistent;niespójny
informed business decision;świadoma decyzja biznesowa
invalid data;nieprawidłowe dane
investment opportunity;możliwość inwestycyjna
join;złączenie
leader;lider
leverage customer data;wykorzystać dane o klientach;to leverage customer data
loading on-the fly;ładowanie w locie
meaningless key;klucz sztuczny;surrogate key
mobile BI tools;narzędzie analizy business intelligence na urządzeniach mobilnych
multidimensional online analytical processing;wielowymiarowe przetwarzanie analityczne online;MOLAP
niche player;gracz niszowy
non-volatile;nieulotny
offload;odciążać;to offload
online analytical processing;przetwarzanie analityczne online;OLAP
open source BI;narzędzia typu open source do analiz business intelligence
operational efficiency;efektywność operacyjna
out-innovate;wykraczać poza ramy w zakresie wprowadzania innowacji;to out-innovate
out-perform;wykraczać poza ramy w zakresie wyników działalności gospodarczej;to out-perform
periodical;okresowy
query workload;obciążenie wskutek wykonywania zapytania
record count;liczba rekordów
refresh;odświeżać;to refresh
relational database;relacyjna baza danych
roll-up;konsolidowanie/zwijanie
run a query;uruchomić zapytanie;to run a query
scorecard;karta wyników
self-service BI;samodzielnie przeprowadzana analiza business intelligence;SSBI
slice-and-dice data;analizować dane w dowolnych przekrojach i rzutach;to slice-and-dice data
slice-and-dice pivot table analysis;analiza danych w dowolnych przekrojach i rzutach za pomocą tabeli przestawnej
slowly changing dimension;wymiar wolnozmienny;SCD
snowflake schema;schemat płatka śniegu
sound business decision;rozsądna/trafna decyzja biznesowa
staging area;obszar tymczasowy
star schema;schemat gwiazdy
state;określić/ogłaszać;to state
statistical analysis;analiza statyczna
subject-oriented;tematyczny
target database;docelowa baza danych
temporary data store;tymczasowe miejsce przechowywania danych
text mining;eksploracja tekstu/danych tekstowych
time-consuming;czasochłonny
time-variant;zmienny w czasie
up-selling;sprzedaż produktów droższych
validation rule;reguła poprawności
violation of business rules;naruszenie reguł biznesowych
visionary;wizjoner
visually appealing;atrakcyjny wizualnie
what-if analysis;"analiza typu ""co-jeśli?"""
7. Data mining
a priori assumption;założenie a priori
advance;postęp
artificial intelligence;sztuczna inteligencja;AI
association;asocjacja
association rule;reguła asocjacji
back-propagation;wsteczna propagacja błędów
bar code;kod kreskowy
branch;gałąź
burst node;węzeł wyjściowy
chance node;węzeł losowy
class label;etykieta klasy
class membership;przynależność do klasy
clustering;klastrowanie
collinear;współliniowy
conditional probability;prawdopodobieństwo warunkowe
continuous time series;ciągły szereg czasowy
continuous variable;zmienna ciągła
continuous;ciągły
converging paths;zbiegające się ścieżki
correlation;współzależność
criterion variable;zmienna kryterialna
data collection tool;narzędzie do zbierania danych
data mining process;proces eksploracji danych
data mining technique;technika eksploracji danych
decision node;węzeł decyzyjny
decision support tool;narzędzie wspomagające podejmowanie decyzji
decision tree;drzewo decyzyjne
dependent variable;zmienna zależna
descriptive;opisowy
differential analysis;analiza różnicowa
digitize a series;dyskretyzować szereg;to digitize a series
discrete set of time points;dyskretny zestaw punktów czasowych
discrete time series;dyskretny szereg czasowy
distributed databases;rozproszone bazy danych
end node;węzeł końcowy;terminal node
equal intervals of time;równe odstępy czasu
explanatory variable;zmienna objaśniająca
extension;rozszerzenie, zwiększenie
extracting rules;reguły ekstrakcji
fault-tolerant nonlinear models;modele nieliniowe odporne na błędy
flow chart;schemat blokowy
forecasting;prognozowanie
handle;radzić sobie, zajmować się;to handle
harness;ujarzmić, okiełznać;to harness
heterogeneous;niejednorodny
hyperplane;hiperpłaszczyzna
hypertext;hipertekst
imperfectness;niedoskonałość
independent variable;zmienna niezależna
inductive learning algorithm;algorytm uczenia indukcyjnego
initial exploration;wstępna eksploracja
input variable;zmienna wejściowa
internal node;węzeł wewnętrzny
itemset;zbiór produktów
knowledge discovery;odkrywanie wiedzy
knowledge extraction;wydobywanie wiedzy
knowledge-based system;system oparty na wiedzy
leaf node;liść, węzeł liścia
learning process;proces uczenia się
legacy data;dane historyczne
line equation;równanie liniowe
linear data model;liniowy model danych
linear regression;regresja liniowa
linear relationship;zależność liniowa
market basket analysis;analiza koszykowa
measure of uncertainty;miara niepewności
mimic;naśladować;to mimic
modelling process;proces modelowania
multicollinearity;wielowspółliniowość
multilayer feed-forward neural network;wielowarstwowa jednokierunkowa sieć neuronowa
naive Bayes classifier;naiwny Bayesa klasyfikator
network pruning;przycinanie sieci
neural network;sieć neuronowa
non-leaf node;węzeł niebędący liściem
non-linear model;model nieliniowy
outcome variable;zmienna określająca punkt końcowy badania, zmienna wynikowa
outcome;wynik, rezultat
outlier;wartość skrajna
pattern identification;identyfikacja wzorca
pattern recognition;rozpoznawanie wzorców
prediction;przewidywanie
predictive;prognostyczny/predykcyjny
predictor variable;zmienna predykcyjna
quantitative modelling;modelowanie ilościowe
real-life data;dane rzeczywiste
regression equation;równanie regresji
regression line;linia regresji
regression;regresja
residual;reszta (w analizie regresji)
robust regression;regresja odporna
running time;czas wykonywania
self-organizing map;mapa samoorganizująca;SOM
shopping cart;koszyk na zakupy
sink node;węzeł zbiorczy
splitting paths;rozwidlające się ścieżki
spurious pattern;fałszywy wzorzec
statistical method;metoda statystyczna
support vector machine;maszyna wektorów nośnych;SVM
time point;punkt czasowy
time series analysis;analiza szeregów czasowych
time series;szereg czasowy
tree-like graph;wykres w postaci drzewa
underlying data;dane źródłowe
variable;zmienna
widespread;rozpowszechniony
8. Software licensing
abandonware;oprogramowanie abandonware
alter;zmieniać;to alter
clarify;wyjaśniać;to clarify
click-wrap agreement;umowa licencyjna
client access license;licencja dostępowa CAL;CAL;client access licence
comply with restrictions;stosować się do ograniczeń;to comply with restrictions
concurrent user;współużytkownik
copyleft software license;licencja copyleft;;copyleft software licence
copyright holder;właściciel praw autorskich
copyright infringement;naruszenie praw autorskich
copyright law;prawo autorskie
copyright protected;chroniony prawem autorskim
core;rdzeń
demonware;oprogramowanie demonware
device CAL;licencja CAL na urządzenie
disable;wyłączać/blokowań;to disable
disclaimer;zrzeczenie się odpowiedzialności
encounter;napotykać;to encounter
end user license agreement;umowa licencyjna użytkowania końcowego;EULA;end user licence agreement
enterprise license agreement;korporacyjna umowa licencyjna;ELA;enterprise licence agreement
enterprise license;licencja dla przedsiębiorców;;enterprise licence
exclusive rights;wyłączne prawa
fair use;dozwolony użytek
fee;opłata
freeware license;licencja na oprogramowanie freeware;;freeware licence
freeware;oprogramowanie freeware
fully-functional;w pełni funkcjonalny
GNU general public license;powszechna licencja publiczna GNU;GNU GLP;GNU general public licence
grant;przyznawać/udzielać;to grant
grant permission;udzielać zezwolenia;to grant permission
high-water mark of past use;max. liczba dotychczasowych użytkowników
if applicable;jeśli dotyczy
instance;instancja
intellectual property;własność intelektualna
intended;być przeznaczonym (dla kogoś/czegoś);to be intended;to be intended for someone/sth
key feature;kluczowa funkcja
legally binding agreement;prawnie wiążąca umowa
launch;uruchamiać;to launch
license fee;opłata licencyjna;;licence fee
licensee;licencjobiorca;;licencee
licensor;licencjodawca
limitation of liability;ograniczenie odpowiedzialności
limited license;ograniczona licencja;;limited licence
liteware;oprogramowanie liteware
make sth available;udostępnić (coś);to make sth available
metric;miernik
network server;serwer sieciowy
open source software license;licencja na oprogramowanie open source;;open source software licence
original equipment manufacturer license;licencja OEM;OEM license;original equipment manufacturer licence
"original equipment manufacturer
";producent oryginalnego wyposażenia;OEM
ownership rights;prawa własności
pay-per-use license;model licencjonowania oparty na opłacie za każdorazowe użycie oprogramowania;;pay-per-use licence
per core licensing;licencjonowanie per rdzeń;;per core licencing
per processor licensing;licencjonowanie per procesor;;per processor licencing
permit;zezwalać;to permit
pre-installed;zainstalowany fabrycznie
proprietary software license;własnościowa licencja na oprogramowanie;;proprietary software licence
public domain software;oprogramowanie ogólnodostępne
publisher;wydawca
refinement;udoskonalenie
registration code;kod rejestracyjny
remain in force;pozostawać w mocy;to remain in force
9. Software development methodologies
agile methodology;metodyka zwinna
agreed-upon feature set;uzgodniony zestaw funkcji
approach;podejście
Backlog Grooming;doskonalenie backlogu produktu;Backlog Refinement
backlog item;element backlogu produktu
baseline architecture;architektura odniesienia
beta-release working system;wersja beta działającego systemu
big design up front;szczegółowe wymagania określone z góry
bottom out a problem;dotrzeć do sedna problemu;to bottom out a problem
Build a Featured List;budowanie listy cech
Build by Feature;realizacja cechy
burn-down chart;wykres spalania
Business Case;uzasadnienie biznesowe
business issue;kwestia biznesowa
Business Sponsor;sponsor biznesowy
Business Visionary;wizjoner biznesu
capacity;pojemność (zespołu)
Chief Programmer;główny programista  (FDD)
client-centric methodology;metodyka ukierunkowana na potrzeby klienta
code review;przegląd kodu/inspekcja kodu
collective code ownership;wspólna własność kodu (XP);;to combine sth with sth
combine;łączyć (coś z czymś);to combine
comprehensive documentation;obszerna dokumentacja
constant evolution;ciągły rozwój
Construction;konstruowanie (RUP)
continuous integration;ciągła integracja
could have requirement;wymaganie, które może, ale nie musi zostać spełnione
cross-functional team;interdyscyplinarny zespół
Daily Scrum;codzienny scrum (Scrum)
delay;opóźnienie
deliverable;produkt projektu
Delivery Plan;Delivery Plan/plan dostarczania (DSDM Agile Project Framework)
deployable solution;rozwiązanie gotowe do wdrożenia
Deployment;faza Deployment/ faza wdrożenia (DSDM Agile Project Framework)
Design by Feature;projekt implementacji cechy (FDD)
design phase;faza projektowania
design upfront;z góry ustalony projekt systemu
Develop an Overall Model;tworzenie ogólnego modelu (FDD)
Development Team;zespół deweloperski (Scrum)
disregard;lekceważyć;to disregard
Domain Expert;ekspert dziedzinowy  (FDD)
domain;dziedzina/domena
DSDM Coach;coach DSDM (DSDM Agile Project Framework)
dynamic systems development method;metoda tworzenia systemów dynamicznych;DSDM;to elaborate on sth
elaborate;rozwinąć (dany temat)/podać więcej informacji;to elaborate
Elaboration;opracowanie (RUP)
embrace;ujmować/obejmować;to embrace
enact;wcielić w życie;to enact
Evolutionary Development;faza Evolutionary Development/faza rozwoju ewolucyjnego (DSDM Agile Project Framework)
extreme programming;programowanie ekstremalne (XP)
Feasibility;faza Feasibility/faza oceny wykonalności (DSDM Agile Project Framework)
Feasibility Assessment;Feasibility Assessment/studium wykonalności (DSDM Agile Project Framework)
feature team;zespół programistów (FDD)
feedback;informacja zwrotna
focus factor;współczynnik skupienia
forecasted velocity;prognozowana prędkość
Foundations;faza Foundations/faza określenia podstaw  (DSDM Agile Project Framework);;to get rid of sth
get rid of;pozbyć się (czegoś);to get rid of
heavyweight methodology;metodyka ciężka
high-level requirement;ogólne wymaganie
human-intensive process;proces wymagający dużego zaangażowania ze strony człowieka
implementation;implementacja/wdrożenie
in detail;szczegółowo/ze szczegółami
Inception;rozpoczęcie  
incremental approach;podejście prostowe
inflexibility;brak elastyczności
intended user;docelowy użytkownik
investigate a problem;przeanalizować problem;to investigate a problem
iterative approach;podejście iteracyjne
just enough design initially;szczegółowe wymagania odkrywane w trakcie;JEDI
just-in-time production;produkcja dokładnie na czas;JIT production
keep up the pace;utrzymać tempo;to keep up the pace
lean production;szczupła produkcja
lightweight methodology;metodyka lekka
linear software development process;liniowy proces tworzenia oprogramowania
mature software development practice;dojrzałe podejście do tworzenia oprogramowania
milestone;kamień milowy
minimum usable subset;minimalny użyteczny podzbiór
model-driven software development technique;technika rozwoju oprogramowania w oparciu o model
MoSCoW technique;technika MoSCow
must have requirement;wymaganie, które musi zostać spełnione
object-oriented modelling;modelowanie obiektowe;;to overlook sth
overlook;przeoczyć (coś);to overlook
pair programming;programowanie w parach (XP)
pending;w toku/oczekujący
Plan by Feature;planowanie implementacji cech (FDD)
planning poker;technika planning poker
Post-Project;faza Post-Project/faza poprojektowa (DSDM Agile Project Framework)
Pre-Project;faza Pre-Project/faza przedprojektowa (DSDM Agile Project Framework);;Prioritised Requirements List
Prioritized Requirements List;lista wymagań uszeregowana według priorytetów (DSDM Agile Project Framework);PRL
process flow;przepływ procesu
Product Backlog;backlog produktu/rejestr produktu (Scrum)
product development lifecycle;cykl rozwoju produktu
Product Owner;właściciel produktu (Scrum)
project management lifecycle;cykl zarządzania projektem;;to put emphasis on sth
rational unified process;metodyka RUP
refactoring;refaktoring
reprioritize;dokonać ponownej priorytetyzacji/uszeregować ponownie pod względem ważności;to reprioritize
requirements gathering;zbieranie wymagań
risk analysis;analiza ryzyka
Scrum Master;mistrz scruma (Scrum)
Scrum Team;zespół scrumowy (Scrum)
self-organizing team;samoorganizujący się zespół
sequential software development approach;sekwencyjne podejście do tworzenia oprogramowania
shippable working product;działający i możliwy do przekazania produkt
short release;częste oddawanie gotowych elementów systemu
should have requirement;wymaganie, które powinno zostać spełnione, jeśli jest to możliwe
software development life cycle;cykl rozwoju oprogramowania;SDLC
Solution Architecture Definition;definicja architektury rozwiązania (DSDM Agile Project Framework);SAD
Solution Developer;twórca rozwiązania (DSDM Agile Project Framework)
solution recipient;odbiorca rozwiązania
spiral model;model spiralny
Sprint;sprint (Scrum)
Sprint Backlog;backlog sprintu/rejestr sprintu (Scrum)
Sprint Planning;planowanie sprintu (Scrum)
Sprint Retrospective;retrospektywa sprintu (Scrum)
Sprint Review;przegląd sprintu (Scrum)
stakeholder;interesariusz
stay behind the competitors;zostać w tyle za konkurencją;to stay behind the competitors
story point;story point/punkt historyjkowy
susceptibility to bottlenecks;podatność na bycie wąskim gardłem
system design;projekt systemu
task board;tablica zadań (Kanban)
Technical Coordinator;koordynator techniczny (DSDM Agile Project Framework))
test driven development;technika Test-Driven Development/technika TDD;TDD
throwaway task;wykonane zadanie, które po pewnym czasie okazuje się nieprzydatne
Timebox Plan;plan okienka czasu
timebox;ograniczenie czasowe/ramy czasowe
track progress;śledzić postęp;to track progress
unresponsiveness;brak reakcji (na coś);unresponsiveness to sth
user experience designer;projektant UX/projektant doświadczeń użytkownika;UX designer
user story;historyjka użytkownika
validate;potwierdzać;to validate
v-model;model v
waterfall methodology;metodyka kaskadowa
white paper;biuletyn informacyjny/biała księga
won't have requirement;wymaganie, które nie zostanie spełnione, ale może zostać wzięte pod uwagę w przyszłości
workflow;przepływ pracy
working software;działające oprogramowanie
working system;działający system
work-in-progress;praca w toku
10. The Internet and the World Wide Web
above mentioned;wyżej wymieniony
access control;kontrola dostępu
access point;punkt dostępowy
advertisement;reklama;ad
address resolution protocol;protokół odwzorowania adresów/protokół ARP;ARP
adjacent;sąsiadujący;;to allow for sth
allow;umożliwiać/uwzględniać (coś);to allow
anchor;kotwica
anchor text;tekst zakotwiczenia
and so on and so forth;i tak dalej
application layer;warstwa aplikacji
backbone network;sieć szkieletowa/sieć podstawowa
bottleneck;wąskie gardło
browser;przeglądarka
carrier sense multiple access with collision avoidance;metoda CSMA/CA/protokół wielodostępu do łącza ze śledzeniem stanu nośnika i unikaniem kolizji;CSMA/CA
carrier sense multiple access with collision detection;metoda CSMA/CD/protokół wielodostępu do łącza ze śledzeniem stanu nośnika i wykrywaniem kolizji;CSMA/CD
cell phone network;sieć komórkowa
chunk;spory kawał/znaczna część
circuit failure;uszkodzenie obwodu
communication service;usługa komunikacyjna
congestion;korek/zator
crawl;pełzanie
to crawl;pełzać
crawler;pająk/crawler;spider
data encapsulation;obudowywanie danych
data packet;pakiet danych
data transmission;transmisja danych
default gateway;brama domyślna
destination;miejsce docelowe
destination address;adres docelowy
determinant;wyznacznik/czynnik warunkujący
digital subscriber line;cyfrowa linia abonencka;DSL
display;wyświetlać;to display
domain name;nazwa domeny
enhance;poprawiać/zwiększać;to enhance
entry;wpis
factor;czynnik
Federal Networking Council;Federalna Rada ds. Sieci Komputerowych;FNC
fetch;pobierać/sprowadzać;to fetch
fiber distributed data interface;interfejs danych rozprowadzanych światłowodem;FDDI
forge;podrabiać/fałszować;to forge
frequency;częstotliwość
full-text query;zapytanie pełnotekstowe
full-text search;wyszukiwanie pełnotekstowe
full-text search capability;możliwość wyszukiwania pełnotekstowego
garble;zniekształcać;to garble
googlebot;googlebot/robot wyszukiwarki Google
hit list;lista wyników wyszukiwania
hypertext transfer protocol;protokół przesyłania hipertekstu/protokół HTTP;HTTP
indexed search;wyszukiwanie indeksowe
indexing process;proces indeksowania
information service;usługa informacyjna
International Organization for Standardization;Międzynarodowa Organizacja Normalizacyjna;ISO
internet control message protocol;internetowy protokół komunikatów kontrolnych/protokół ICMP;ICMP
internet layer;warstwa internetowa
internet relay chat;"
usługa internetowa umożliwiająca nawiązanie w czasie rzeczywistym komunikacji między użytkownikami/czat w czasie rzeczywistym";IRC
internet service;usługa internetowa
internet service provider;dostawca usług internetowych;ISP
IP datagram;datagram IP
IP spoofing;fałszowanie adresu IP
jitter;drgać;to jitter
junction;skrzyżowanie
keyword;słowo kluczowe
label;oznaczyć (coś za pomocą czegoś)/opatrzyć (coś) etykietą (w postaci czegoś);"to label sth with sth
"
layer;warstwa
logical address;adres logiczny
MAC address;adres MAC
medium access control;kontrola dostępu do medium transmisyjnego;MAC
menu-driven client/server application;aplikacja typu klient-serwer sterowana przez menu
network access layer;warstwa dostępu do sieci/warstwa fizyczna
network access point;punkt dostępu do sieci;NAP
network protocol;protokół sieciowy
network service;usługa sieciowa
occurrence;wystąpienie
open systems interconnection reference model;model odniesienia łączenia systemów otwartych/model odniesienia OSI;OSI reference model
origin;pochodzenie
outside link;link zewnętrzny
overall score;ogólny wynik
packet switching;komunikacja pakietów
parsing;analiza składniowa
physical network;sieć fizyczna
point of presence;punkt przyłączenia;POP
pointer;wskaźnik
predecessor;poprzednik
priority queuing;kolejkowanie priorytetowe;PQ
pulse of light;impuls światła
radio signal;sygnał radiowy
random;losowy/przypadkowy
rate;klasyfikować/oceniać;to rate
real-time traffic;ruch sieciowy w czasie rzeczywistym
reassemble;ponownie złożyć;to reassemble
receiver host;host odbiorcy
regard;uważać/uznawać (za coś);to regard
related search;wyszukiwanie powiązane
reliability;solidność/niezawodność/rzetelność
remote access;zdalny dostęp
remote client;zdalny klient
resolution;postanowienie/uchwała
resource path;ścieżka do zasobów
resource sharing;współdzielenie zasobów
retrieve;pobierać/odnaleźć;to retrieve
reverse address resolution protocol;protokół odwrotnego odwzorowania adresów/protokół RARP;RARP
routing;trasowanie
search engine;wyszukiwarka
search engine result page;strona wyników wyszukiwania;SERP
second-level domain;domena drugiego poziomu;SLD
sender host;host nadawcy
simple mail transfer protocol;protokół wysyłania poczty elektronicznej/protokół SMTP;SMTP
simply put;mówiąc prosto
snippet of text;fragment tekstu
source address;adres źródłowy
split apart;dzielić/rozdzielać (na części);to split apart
stack;stos
subdomain;poddomena/podobszar
term;termin/pojęcie
token passing;przekazywanie znacznika
top-level domain;domena najwyższego poziomu;TLD
trademarked algorithm;algorytm oznaczony znakiem handlowym
transmission control protocol;protokół kontroli transmisji/protokół TCP;TCP
transport layer;warstwa transportowa
uniform resource locator;jednolity lokalizator zasobów/adres URL;URL
user data protocol;datagramowy protokół użytkownika/protokół UDP;UDP
webpage;podstrona internetowa
website;witryna sieci WWW/strona internetowa
wide area information server;serwer informacyjny w sieciach rozległych;WAIS
world wide web;sieć WWW/sieć ogólnoświatowa;WWW
11. Data governance
abuse;nadużycie
adapt;przystosować się/dostosować się (do czegoś);to adapt to sth
address;zajmować się (czymś);to address sth
adopt;przyjmować;to adopt
affected;być przedmiotem oddziaływania/wpływu (czegoś);to be affected by sth
align;dopasowywać (coś do czegoś);to align with sth
accountable;być odpowiedzialnym (za coś);to be accountable for sth
at disposal;do dyspozycji
benchmark;wzorzec/punkt odniesienia
compliance;zgodność (z czymś)/stosowanie się (do czegoś);compliance with sth
comprehensive approach;kompleksowe podejście;;to be concerned with something
concerned;być (czymś) zainteresowanym;to be concerned
corporate culture;kultura korporacyjna
countercheck;powtórnie weryfikować;to countercheck
cross-functional;interdyscyplinarny
current state of data governance;aktualny/bieżący stan data governance
daily operations;codzienne funkcjonowanie/codzienna praca
data acquisition;gromadzenie/zbieranie danych
data aggregation;agregacja danych
data confidence;zaufanie do danych
data content;zawartość danych
data distribution;dystrybucja danych
data governance;nadzór nad danymi/ład danych
data governance council;rada ds. data governance
data governance office;biuro ds. data governance;DGO
data maintenance;utrzymanie danych
data monitoring;monitorowanie danych
data quality;jakość danych
data risk management;zarządzanie ryzykiem danych
data steward;opiekun danych
data stewardship;opieka nad danymi
data stewardship team;zespół sprawujący opiekę nad danymi
data understandability;zrozumiałość danych
data usability;użyteczność danych
data value;wartość danych
data-related assets;aktywa związane z danymi
discipline;dziedzina
distribution of decision-making responsibilities;rozdzielenie obowiązków związanych z podejmowaniem decyzji
each and every;wszelki/każdy
efficacy;skuteczność/efektywność
enabler;element wspomagający/czynnik wspierający/siła napędowa
escalation path;ścieżka eskalacji
execution of authority;sprawowanie władzy
executive level body;organ na poziomie kadry zarządzającej
face the risk;stawić czoła ryzyku;to face the risk
govern;zarządzać;to govern
guide;wskazówka/wytyczna;;to handle
in the heart of battle;w ogniu walki;;to incorporate into sth
incorporate;włączyć/wcielić (w coś);to incorporate
information collection;gromadzenie informacji
information deletion;usuwanie informacji
information life-cycle management;zarządzanie cyklem życia informacji
information retention;przechowywanie informacji
insight;wgląd/wyobrażenie
lead data steward;główny opiekun danych
manageable;możliwy do zarządzania/wykonania/zarządzalny
master data;dane podstawowe
maturity;dojrzałość
maturity model;model dojrzałości
metadata;metadane
mitigate;łagodzić/zmniejszać/ograniczyć;to mitigate
mutual responsibility;wzajemna odpowiedzialność
operating model;model operacyjny;;to overlay
overlay;pokryć (czymś)/nałożyć (na coś);to overlay over sth
oversight;nadzór/dozór
point of contact;forma/punkt kontaktu
policy;zasady/polityka
proactive;proaktywny/czynny/pełen inicjatywy
quantitative method;metoda ilościowa
raise an issue;poruszyć kwestię;to raise an issue
reactive;reaktywny/reagujący
regulation;rozporządzenie/regulacja
respectively;odpowiednio (w wymienionej kolejności)
risk acceptance;akceptacja ryzyka
risk avoidance;unikanie ryzyka
risk identification;identyfikacja ryzyka
risk mitigation;mitygacja ryzyka/zmniejszanie ryzyka/ograniczenie ryzyka
risk quantification;kwantyfikacja ryzyka
safeground;chronić/zabezpieczać;to safeground
self-assessment tool;narzędzie samooceny
unauthorized access;nieautoryzowany/nieuprawniony dostęp;unauthorised access
unconsciously;nieświadomie
under discussion;omawiany/poddany pod dyskusję
value creation;tworzenie wartości
12. Software testing
acceptance test;test akceptacyjny
all combinations testing;testowanie wszystkich kombinacji
anti-random testing;testowanie antylosowe
Backus Naur form notation;notacja BNF/notacja Backusa-Naura;BNF notation
base choice testing;testowanie metodą base choice
black box testing technique;czarnoskrzynkowa technika testowania
body;organ
boundary value;wartość brzegowa
boundary value analysis;analiza wartości brzegowych
branch condition combination testing;testowanie kombinacji warunków rozgałęzień
branch condition testing;testowanie warunków rozgałęzień
branch testing;testowanie rozgałęzień
bug free;niezawierający błędów
business requirements specification;specyfikacja wymagań biznesowych
cause-effect graph;graf przyczynowo-skutkowy
cause-effect graphing;tworzenie grafów przyczynowo-skutkowych
classification tree;drzewo klasyfikacyjne
classification tree method;metoda drzewa klasyfikacyjnego;CTM
coding phase;etap kodowania
collaborate;współpracować;to collaborate
combinatorial testing;testowanie kombinatoryczne
committee;komitet
component test;test komponentów
computation use of variable;użycie zmiennej do celów obliczeniowych;c-use of variable
condition testing;testowanie warunków
conform;dostosować się;to conform
control flow;przepływ sterowania
covering array testing;testowanie tablicy pokrycia
data flow testing;testowanie przepływu danych
debugging;debugowanie
decision point;punkt decyzyjny
defect;wada, defekt
dynamic software testing technique;technika dynamicznego testowania oprogramowania
each choice testing;testowanie metodą each choice
equivalence partition;klasa równoważności
equivalence partitioning;podział na klasy równoważności;EP
execution path;ścieżka wykonania
field of mutual interest;obszar będący przedmiotem wspólnego zainteresowania
functional requirement;wymaganie funkcjonalne
functional specification;specyfikacja funkcjonalna
high-level design;wysokopoziomowy projekt systemu;HLD
in parallel;równolegle
in principle;w zasadzie
input data;dane wejściowe
instant combination strategy;strategia kombinatoryczna uwzględniająca jednocześnie wszystkie przypadki testowe
integration test;test integracyjny
International Electrotechnical Commission;Międzynarodowa Komisja Elektrotechniczna;IEC
iterative combination strategy;iteracyjna strategia kombinatoryczna
joint technical committee;wspólny komitet techniczny
keyword driven testing;testowanie sterowane słowami kluczowymi
language compiler;kompilator języka
language processor;procesor języka
logical condition;warunek logiczny
low-level design;niskopoziomowy projekt systemu;LLD
match;odpowiadać, pasować;to match
modified condition decision testing;zmodyfikowane testowanie warunków decyzji
non-functional requirements;wymagania niefunkcjonalne
non-functional specification;specyfikacja niefunkcjonalna
non-governmental organization;organizacja pozarządowa
non-profit organization;organizacja non profit
N-switch testing;testowanie N-przejść
ordering party;zamawiający
orthogonal array testing;testowanie tablicy ortogonalnej
pairwise testing;testowanie par
partition;podział
path testing;testowanie ścieżek
predicate use of variable;predykatywne użycie zmiennej;p-use of variable
pseudo-random generation algorithm;algorytm pseudolosowej generacji
random testing;testowanie losowe
reflect;odzwierciedlać;to reflect
requirement;wymaganie
scenario testing;testowanie w oparciu o scenariusze
software test design technique;technika projektowania testów oprogramowania
software testing life cycle;cykl testowania oprogramowania;STLC
state transition;zmiana stanu pomiędzy stanami
syntax;składnia
syntax testing;testowanie składniowe
system requirement;wymaganie systemowe
system test;test systemowy
target language;język docelowy
test case;przypadek testowy
test case development;tworzenie przypadków testowych
test case execution;wykonywanie przypadków testowych
test condition;warunek testowy
test cycle closure;zakończenie cyklu testów
test planning;planowanie testów
test requirements analysis;analiza wymagań dotyczących testów
test scenario;scenariusz testowy
transition;przemiana, przejście
trigger;wywoływać/wyzwalać;to trigger
unit test;test jednostkowy
use case;przypadek użycia
use case testing;testowanie w oparciu o przypadki użycia
validation test;test walidacyjny
waterfall model;model kaskadowy
white box testing technique;białoskrzynkowa technika testowania
working group;grupa robocza